Var1,Var2,Var3,Var4,Var5
440,1,1,NaN,NaN
440,1,2,NaN,NaN
440,1,3,-0.0886088888788775,60
440,1,4,NaN,NaN
440,1,5,NaN,NaN
440,1,6,NaN,NaN
440,1,7,NaN,NaN
440,1,8,NaN,NaN
440,1,9,NaN,NaN
440,1,10,-0.455231776605321,20.2
440,1,11,NaN,NaN
440,1,12,NaN,NaN
440,1,13,NaN,NaN
440,1,14,NaN,NaN
440,1,15,NaN,NaN
440,1,16,0.220958579612048,78.5
440,1,17,0.301850977849729,82.6
440,1,18,0.239391822899891,83.3
440,1,19,NaN,NaN
440,1,20,NaN,NaN
440,1,21,-0.91537555111125,4.6
440,1,22,-0.0828453916232633,58.8
440,1,23,NaN,NaN
440,1,24,-0.687048495933341,7.6
440,1,25,-0.463289616355845,20.4
440,1,26,NaN,NaN
440,1,27,-0.336289199105139,24.2
440,1,28,NaN,NaN
440,1,29,NaN,NaN
440,1,30,NaN,NaN
440,1,31,NaN,NaN
440,1,32,NaN,NaN
440,1,33,NaN,NaN
440,1,34,NaN,NaN
440,1,35,NaN,NaN
440,1,36,NaN,NaN
440,1,37,NaN,NaN
440,1,38,NaN,NaN
440,1,39,NaN,NaN
440,1,40,-0.187058454128095,45.9
440,1,41,NaN,NaN
440,1,42,NaN,NaN
440,1,43,NaN,NaN
440,1,44,NaN,NaN
440,2,1,NaN,NaN
440,2,2,-0.887980002040615,5.3
440,2,3,0.440090414320695,77.2
440,2,4,-0.708637361236683,18.8
440,2,5,NaN,NaN
440,2,6,0.35544327738654,79.6
440,2,7,NaN,NaN
440,2,8,-0.159318044823218,59.8
440,2,9,NaN,NaN
440,2,10,-0.431311734501082,20.9
440,2,11,-0.367194594243325,29.4
440,2,12,-0.733061277635614,6.3
440,2,13,0.304640218082477,68.5
440,2,14,0.769541376397236,86.2
440,2,15,0.302213358541776,83.9
440,2,16,NaN,NaN
440,2,17,1.41873625514647,93.8
440,2,18,-0.150946705990865,65.9
440,2,19,-0.121182933682396,52.2
440,2,20,1.08267529641016,96.5
440,2,21,3.65618979362877,98.2
440,2,22,1.41681876409851,91.1
440,2,23,NaN,NaN
440,2,24,-0.444749259436172,25
440,3,1,0.162728087213679,76.6
440,3,2,-0.0699821463185238,46.1
440,3,3,-0.259460960900869,26.9
440,3,4,-0.0376072087621342,50.1
440,3,5,-0.321055417439578,23.5
440,3,6,NaN,NaN
440,3,7,0.110592675724372,66.8
440,3,8,0.575372642890469,81.9
440,3,9,0.533427574545918,79.5
440,3,10,0.0430808379809431,55.8
440,3,11,-0.115233976268167,44
440,3,12,0.135983503782161,63.8
440,3,13,-6.29783488235667,0
440,3,14,-0.00535766534141011,54.8
445,1,1,0.734581178493408,83.1
445,1,2,-0.122185909276113,45.2
445,1,3,0.0293719740041769,51.2
445,1,4,-0.114695463459145,45.4
445,1,5,2.1082213402727,96.6
445,1,6,0.120762412471164,56.9
445,1,7,-0.205378220388926,36.9
445,1,8,-0.333243309044444,28.8
445,1,9,-0.992859067140476,12.5
445,1,10,-1.21614492346025,5.5
445,1,11,NaN,NaN
445,1,12,-0.656718421564626,10.7
445,1,13,-0.804272463423585,12.8
445,1,14,-1.10251232379341,11
445,1,15,-0.314067344799507,32.7
445,1,16,0.875358317527833,92.3
445,1,17,0.530155927530076,77.5
445,1,18,-0.40880392852951,26
445,1,19,NaN,NaN
445,1,20,NaN,NaN
445,1,21,-3.35263759660441,0.4
445,1,22,0.431095806482614,77.3
445,1,23,0.422555380597042,78.4
445,1,24,-0.342812336634784,29.8
445,1,25,-1.95058200787767,2.6
445,1,26,-0.630687118928583,22.9
445,1,27,-0.561604294367819,22.4
445,1,28,-0.155022529512678,42.1
445,1,29,1.0405055907537,87.8
445,1,30,-0.0150578485929238,50
445,1,31,0.809805075237253,82.8
445,1,32,-0.268657442181502,37.2
445,1,33,-0.866880709323541,17.4
445,1,34,0.35479822158158,70.8
445,1,35,0.204707352617236,66.7
445,1,36,-0.649706440947991,21
445,1,37,0.114394032196479,56.3
445,1,38,0.128099754857042,60.3
445,1,39,-0.261413638341386,37.8
445,1,40,-0.0394558273175269,46.5
445,1,41,0.118982403387525,56.2
445,1,42,-0.911419446552237,14.7
445,1,43,-0.000374283170302578,49.9
445,1,44,0.582916549071254,77.6
445,1,45,0.367814058565022,70.7
445,1,46,0.0319837487178841,56.7
445,1,47,-1.05765461187541,11.9
445,1,48,-0.445466604262338,29.8
445,1,49,0.0294363394371879,56.1
445,2,1,-0.680987315519613,15.9
445,2,2,NaN,NaN
445,2,3,-1.04128064004021,9.9
445,2,4,4.43960165565721,99.4
445,2,5,-0.164033906533675,40.8
445,2,6,-0.43913008577717,22.5
445,2,7,-0.685930990395469,15.5
445,2,8,4.03233845282109,98.5
445,2,9,3.40684962884976,99
445,2,10,-0.697559628656578,17
445,2,11,-0.302995315538175,34.9
445,2,12,-0.662118519696712,17.9
445,2,13,NaN,NaN
445,2,14,-3.62760249790859,0
445,2,15,1.91512726270618,94.9
445,2,16,-1.09527338209305,8.2
445,2,17,-0.137645252591058,56
445,2,18,NaN,NaN
445,2,19,-0.563040662855438,23.9
445,2,20,-1.59434306202417,3.7
445,2,21,0.215616887621332,74.2
445,2,22,-0.382473932953695,25.3
445,2,23,2.92059185349423,97.9
445,2,24,-1.04439442305997,10.4
445,2,25,-0.0788786557635677,44.6
445,2,26,2.00251835672657,97
445,2,27,-0.263531781721184,33.2
445,2,28,0.210064393079097,72.6
445,2,29,0.999605446187881,90.2
445,2,30,4.22625612090853,99.6
445,2,31,-0.796208262436784,12.3
445,2,32,0.0789690786122724,65.6
445,2,33,5.92095360768204,99.9
445,2,34,-0.213646282416069,41.1
445,2,35,0.223842157193115,71
445,2,36,-0.837913124863882,12.2
445,2,37,-0.0143357224607817,54.7
445,2,38,-0.171544868988766,35.7
445,2,39,-0.0666162486218072,48.2
445,2,40,1.38149966878111,93
445,2,41,-0.0574769862107876,47.1
445,2,42,1.90621118508247,97
445,2,43,-0.243826347567926,35.5
445,3,1,NaN,NaN
445,3,2,-0.234022673199643,35
445,3,3,0.486483179394189,86.8
445,3,4,0.358478919139789,83.4
445,3,5,-0.18691529567531,33.8
445,3,6,0.682296224022561,83.8
445,3,7,-0.301396342486785,30.8
445,3,8,-0.244616891527158,39.7
445,3,9,0.0924831610853553,60.6
445,3,10,NaN,NaN
445,3,11,1.23465151581334,94.3
445,3,12,-0.630423241812935,17.3
445,3,13,2.86696736082497,98.1
445,3,14,0.405331268039807,83.7
445,3,15,0.258811219220748,70.7
445,3,16,-2.24376608761197,2.1
445,3,17,-0.536574311651014,18.9
445,3,18,-0.0383325348089271,54.2
445,3,19,-0.443844459414424,24.5
445,3,20,0.0491474320332651,60.6
445,3,21,-0.234774351867107,39.7
445,3,22,2.07825022800377,97
445,3,23,0.654815877506346,82.1
445,3,24,0.430256075138999,79.8
445,3,25,0.215717866505428,78.3
445,3,26,2.16010088188994,96.9
445,3,27,-0.478626467988464,22.3
445,3,28,-0.717569286805966,15.9
445,3,29,-0.362288267892745,29.6
445,3,30,0.946548589689946,88.2
445,3,31,2.90846477476319,99.1
445,3,32,-0.156671003999234,39.4
451,1,1,0.304076089619823,75
451,1,2,-1.56775486474939,3
451,1,3,0.0709860568304319,63.7
451,1,4,0.533157444570568,82.8
451,1,5,0.310969457860039,75.5
451,1,6,1.90800916395922,96.7
451,1,7,-0.0448975366754852,41.6
451,1,8,-3.19506618876698,0.6
451,1,9,0.189917071932819,75
451,1,10,-0.997193238338113,9.5
451,1,11,-0.49425226628968,19.3
451,1,12,2.17702644489385,98.1
451,1,13,0.023949221136353,60
451,1,14,-0.738371902757178,13.4
451,1,15,1.92043057977077,97.7
451,1,16,0.259717145830816,73.9
451,1,17,-1.96263373153617,2.8
451,1,18,0.0143255388164017,50.9
451,1,19,-1.59550174334826,4.5
451,1,20,2.64876276513577,98.3
451,1,21,-0.195506358979948,28.8
451,1,22,0.232884561699753,74.3
451,1,23,-0.116174465234673,36.5
451,1,24,0.11631917719713,63.6
451,1,25,0.0424852324018494,47.3
451,1,26,-0.957104032556061,9.6
451,1,27,0.257774786031161,66.6
451,1,28,0.898627940848485,91.5
451,1,29,0.434327950053168,77.8
451,1,30,-0.269523756065361,29.8
451,1,31,-0.163268937733311,31.2
451,1,32,0.284579129675614,65.7
451,1,33,0.671046685226621,81.3
451,1,34,-0.578464289747675,20.1
451,1,35,1.34773992994771,95.2
451,1,36,0.199730505243638,76.9
451,1,37,0.114867424476991,53.9
451,1,38,1.33567470844387,94.1
451,1,39,0.436780696753456,82
451,1,40,1.08923735087211,91
451,1,41,-0.0438988886049868,41.3
451,1,42,-0.0749713454620015,42.8
451,1,43,3.50043824473984,99
451,1,44,-1.39293790460151,6.5
451,1,45,-0.100644122297328,37.7
451,1,46,-0.885004134758266,12.2
451,1,47,-0.390939834249226,23.4
451,1,48,-0.0082009939516256,50.3
451,1,49,0.755415732976091,87.8
451,1,50,0.455167883036005,82.8
451,1,51,-0.151096424335074,40.2
451,1,52,0.0625065803048292,67.3
451,1,53,-6.24151292652665,0.1
451,1,54,-2.65999459226082,1.6
451,1,55,0.276326394037264,75.3
451,1,56,-0.0975182083392775,41.9
451,2,1,NaN,NaN
451,2,2,-0.0282082055233592,59.7
451,2,3,NaN,NaN
451,2,4,NaN,NaN
451,2,5,-1.70797533592171,3.3
451,2,6,NaN,NaN
451,2,7,-0.903371993748337,12.6
451,2,8,-0.0822763359718412,46
451,2,9,0.0133907465551383,56.7
451,2,10,0.112691767845277,61
451,2,11,-0.143807587544159,41.7
451,2,12,-0.215712588519749,39.2
451,2,13,-2.6100061698371,0.7
451,2,14,1.6361231984024,94.7
451,2,15,-0.1025444645254,44.6
451,2,16,0.319273900309404,71.4
451,2,17,-1.79378476859265,3.7
451,2,18,0.0861947470770952,58.9
451,2,19,0.25997599117922,68.4
451,2,20,0.504299643575641,83.7
451,2,21,0.406378903036287,88.1
451,2,22,-0.628577802877021,20.3
451,2,23,-0.0809259729107587,59.1
451,2,24,-0.932575411453907,12.5
451,2,25,NaN,NaN
451,2,26,-0.792118045137039,4.6
451,2,27,-0.119801702110663,45.5
451,2,28,0.690919747784434,95
451,2,29,NaN,NaN
451,2,30,-0.091132244909035,42.5
451,2,31,0.0546502809712932,58.9
451,2,32,-1.65988694457906,4.5
451,2,33,-0.0754931380490914,48.3
451,2,34,-1.57271850243504,4.6
451,2,35,-0.833819828032098,14.5
451,2,36,0.478039067359836,77.3
451,3,1,NaN,NaN
451,3,2,-0.383271970946529,23.7
451,3,3,-0.15060054299851,40.8
451,3,4,1.65616255666667,96.2
451,3,5,NaN,NaN
451,3,6,0.523210471206149,81.4
451,3,7,NaN,NaN
451,3,8,0.428083922425565,75.4
451,3,9,-0.672547023350075,5.7
451,3,10,0.201750215468119,63.2
451,3,11,-2.89006983301192,0.7
451,3,12,-0.0337184827258774,49.2
451,3,13,0.0527151685020965,52.8
451,3,14,-0.380778712177262,29.1
451,3,15,-0.0672473108678142,63
451,3,16,1.1458434234742,91.8
451,3,17,0.0706036618144019,57.2
451,3,18,-0.22343227662076,32.1
451,3,19,3.98960056278921,98.4
451,3,20,5.25636959149971,99.2
451,3,21,1.60554075539007,94.3
451,3,22,0.275152316465668,71.2
451,3,23,0.244147891887344,66.4
451,3,24,1.28619874144966,93.5
451,3,25,-1.70570636261291,4.1
451,3,26,1.67221622696566,97.8
451,3,27,0.0725009171513411,58.5
451,3,28,0.0950090912997184,56.4
451,3,29,0.570080210402112,80.2
451,3,30,-0.0459716857524233,43.6
451,3,31,0.668217903055604,81
451,3,32,1.07980588829395,88.7
451,3,33,-0.0731009890347265,46.2
451,3,34,-0.233547426691699,34.3
451,3,35,1.84833864029864,96.1
451,3,36,-0.23363224666008,35.1
451,3,37,0.175731417040574,83.4
451,3,38,-0.363976870944619,30
451,3,39,-1.3064764362003,7
451,3,40,-0.070514896180239,41.1
451,3,41,-0.120265067143388,42.3
451,3,42,NaN,NaN
451,3,43,-0.104525262706597,59.4
451,3,44,-0.131696670780331,51.2
485,1,1,3.3746849672045,97.6
485,1,2,-1.9074061232547,0.5
485,1,3,-0.126184469379735,47.9
485,1,4,-0.135731586436885,49
485,1,5,1.56557247427095,94
485,1,6,0.208118054357599,72
485,1,7,-0.1377813725653,62.6
485,1,8,-0.138495208753088,47.9
485,1,9,NaN,NaN
485,1,10,11.3357433916726,100
485,1,11,-0.0969002401233039,62.6
485,1,12,-0.966785661547256,10.3
485,1,13,4.44392981067609,99.5
485,1,14,NaN,NaN
485,1,15,-0.86838422902689,8
485,1,16,NaN,NaN
485,1,17,5.21250136170141,99.9
485,1,18,-0.117949406521533,50.4
485,1,19,0.838474401858095,91.6
485,1,20,NaN,NaN
485,1,21,0.0851262585965273,65
485,1,22,-0.279843378178618,32.3
485,1,23,-0.987753284131461,5.9
485,1,24,-0.0803416831354708,54.4
485,1,25,0.970452713047473,89.8
485,1,26,1.11822030452606,91.4
485,1,27,0.160812232231991,78.9
485,1,28,10.2150937693059,100
485,1,29,-0.398441579271512,20.9
485,1,30,-0.131103994307369,46.3
485,1,31,0.507241734657146,75.7
485,1,32,-0.639404316882465,19.5
485,1,33,-0.291884536578029,31.5
485,1,34,0.0985781452731781,64.1
485,1,35,-0.640083701673844,17.9
485,1,36,2.10867624784861,97.1
485,1,37,3.83518083337791,98.5
485,1,38,-0.292114768122239,45.7
485,2,1,-0.101974209095506,71.8
485,2,2,2.23551076378881,95.6
485,2,3,-0.476964928140606,18.1
485,2,4,NaN,NaN
485,2,5,-0.843493485813644,7.9
485,2,6,2.04882094570881,92.7
485,2,7,-0.266636510277664,66.1
485,2,8,0.469047444330384,90.2
485,2,9,-0.256823169116412,35.8
485,2,10,-1.0579661656461,1.7
485,2,11,-0.622653527895621,8.8
485,2,12,1.76627699610472,94.3
485,2,13,-0.865285318135799,3.9
485,2,14,1.27557618785494,93.6
485,2,15,-0.0180727331344092,77.3
485,2,16,-0.159019476599428,61.7
485,2,17,-0.314219148110281,26.2
485,2,18,-0.419753701533133,28.1
485,2,19,-0.488885058570937,17.4
485,2,20,-0.448513520781412,14.9
485,2,21,-0.122600305911458,63.1
485,2,22,-0.26928805759205,38.4
485,2,23,-0.0750622340043919,70.4
485,2,24,0.220681125464715,84.7
485,2,25,-0.24143370686755,47
485,2,26,0.0157216380921818,73.8
485,2,27,6.78659347304534,100
485,2,28,-0.583182594374804,13.3
485,2,29,-0.288639159510767,36
485,2,30,NaN,NaN
485,2,31,-0.246465645405877,43.9
485,2,32,-0.314779457006594,41.7
485,2,33,-0.407655126078551,14.3
485,2,34,-0.290729270921674,54.4
485,2,35,NaN,NaN
485,2,36,-0.230543074091949,35.7
485,2,37,-0.200569273728223,53.8
485,2,38,-0.395949150277612,38.7
485,2,39,-0.261358605335246,58.2
485,2,40,2.04325414456321,96.7
485,2,41,1.53766760889139,87.3
485,3,1,0.605280735795892,80.6
485,3,2,-0.159886788293498,39.7
485,3,3,1.18747531916393,90.4
485,3,4,0.571648764994791,77.2
485,3,5,-1.601020029445,5.3
485,3,6,0.425342499427757,74.1
485,3,7,-0.369899306455993,23
485,3,8,1.37634624199229,91.3
485,3,9,0.615715221550853,80.3
485,3,10,-0.128269089253275,45.5
485,3,11,0.173244380777922,65.4
485,3,12,-0.616142069220649,22.2
485,3,13,-0.800002897716493,15.6
485,3,14,-0.251338591303711,34.9
485,3,15,-0.261329375944125,32.3
485,3,16,0.131517290788146,63
485,3,17,-0.327562668711253,31.1
485,3,18,2.84260345125008,99.2
485,3,19,-0.916277530210151,13.5
485,3,20,0.399995183493881,73.8
485,3,21,-2.2419853482868,1.4
485,3,22,0.129672557871452,62.8
485,3,23,-0.448882057929468,26.5
485,3,24,-3.97227491822833,0.1
485,3,25,-0.226177814587671,42.6
485,3,26,0.750956130569355,82.4
485,3,27,2.40247171686825,97.6
485,3,28,0.269510380313712,89
487,1,1,-0.160945200922218,43.7
487,1,2,0.416160435242672,78.1
487,1,3,-1.20093739939822,7.6
487,1,4,0.743937959797289,84.1
487,1,5,0.373662473831942,75
487,1,6,-0.0933156613841885,43
487,1,7,0.12149946931843,60.1
487,1,8,0.651913271874364,84.1
487,1,9,0.123506846408718,64.8
487,1,10,-0.851627672947964,12.9
487,1,11,0.815034016622556,86.5
487,1,12,-0.18605050446389,39.5
487,1,13,-0.342822180629298,25.4
487,1,14,0.607725814709259,83.3
487,1,15,0.575533270473213,76.6
487,1,16,-1.49757663421954,4.9
487,1,17,0.00470062516794287,55.7
487,1,18,-0.572954730229274,21.7
487,1,19,-0.161354210865632,43.5
487,1,20,0.0540725867815023,54.2
487,1,21,-0.0793852221386221,55.2
487,1,22,-0.570174327783135,22.3
487,1,23,0.771675664559016,85.5
487,2,1,NaN,35.5
487,2,2,NaN,17.2
487,2,3,NaN,1.9
487,2,4,NaN,23.3
487,2,5,NaN,39.1
487,2,6,NaN,26.9
487,2,7,NaN,88.2
487,2,8,NaN,56.7
487,2,9,NaN,48.8
487,2,10,NaN,36.8
487,2,11,NaN,94.5
487,2,12,NaN,94.7
487,2,13,NaN,65.2
487,2,14,NaN,55.5
487,2,15,NaN,64.9
487,2,16,NaN,7.8
487,2,17,NaN,18.8
487,2,18,NaN,5.6
487,2,19,NaN,81.7
487,2,20,NaN,77.4
487,2,21,NaN,51.5
487,2,22,NaN,72.4
487,2,23,NaN,91.8
487,2,24,NaN,51
487,2,25,NaN,83.5
487,2,26,NaN,0
487,2,27,NaN,NaN
487,2,28,NaN,91.3
487,2,29,NaN,73.8
487,2,30,NaN,11.6
487,2,31,NaN,24.7
487,2,32,NaN,75.6
487,2,33,NaN,16.9
487,2,34,NaN,29.7
487,3,1,NaN,NaN
487,3,2,NaN,NaN
487,3,3,NaN,NaN
487,3,4,0.082026437433725,60.2
487,3,5,0.735435514041575,84.6
487,3,6,2.19844339863479,94.6
487,3,7,-0.363612533359885,28.3
487,3,8,0.100862559773795,54.1
487,3,9,1.48288235866243,94.7
487,3,10,-0.0811309392607869,45.4
487,3,11,-0.11469496178417,39.4
487,3,12,1.61535220893811,94.6
487,3,13,1.09332101313748,91.7
487,3,14,0.597299929289043,87.3
487,3,15,NaN,NaN
487,3,16,-0.427397514949168,23.9
487,3,17,-0.59050108537184,16.4
487,3,18,-0.00853494885758221,46
487,3,19,0.465493065006358,77.9
487,3,20,0.454201559066334,79.5
487,3,21,-0.242974384740154,30.5
487,3,22,-0.208832693126132,35.4
487,3,23,NaN,NaN
487,3,24,3.72816426134811,99.3
487,3,25,-0.66510779600792,16.2
487,3,26,0.0387709834310038,64.5
487,3,27,0.0393952708538329,46.7
487,3,28,0.868036446638697,88.5
487,3,29,0.00873100444523945,45.3
487,3,30,-1.72560770654648,1
487,3,31,0.287668389178572,70.3
487,3,32,0.253286793423318,71.4
487,3,33,-0.512601089666376,21.5
487,3,34,0.597172156303331,84.5
487,3,35,-0.131865378635527,44.3
487,3,36,3.95018586545252,97.2
532,1,1,1.92413121243713,93.6
532,1,2,-0.133308719519958,53.6
532,1,3,-0.446685198088273,15.2
532,1,4,NaN,NaN
532,1,5,2.045238568722,92
532,1,6,-1.16229130909051,0.5
532,1,7,-0.244706023826956,62.5
532,1,8,2.74327962057939,94
532,1,9,-0.385033598928583,46.9
532,1,10,-1.18379081757911,0.5
532,1,11,NaN,NaN
532,1,12,-0.541736069018495,26.7
532,1,13,0.678067532652875,88.1
532,1,14,NaN,NaN
532,1,15,-0.305038565629764,61
532,1,16,4.78287029001025,99.5
532,1,17,2.89584083274453,95.3
532,1,18,-0.211765386187395,66.5
532,1,19,-0.038606503322304,75.6
532,1,20,-0.087363920746622,78.8
532,2,1,4.14389618564913,98.4
532,2,2,-0.364195074907135,21.6
532,2,3,-0.373351335185277,24
532,2,4,NaN,NaN
532,2,5,-0.385790782630752,23.6
532,2,6,2.94648196939316,97.9
532,2,7,NaN,NaN
532,2,8,NaN,NaN
532,2,9,-0.41297673011472,45.1
532,2,10,4.26480563245446,99.6
532,2,11,-0.528132702539504,12
532,2,12,NaN,NaN
532,2,13,3.88518656059569,98.2
532,2,14,-0.19345725073419,69.4
532,2,15,-0.287161810225259,40.5
532,2,16,NaN,NaN
532,2,17,NaN,NaN
532,2,18,2.27310771680262,94.4
532,2,19,1.68022788045746,88.8
532,2,20,6.41317479113879,100
532,2,21,NaN,NaN
532,2,22,6.11214670509834,99.4
532,2,23,-0.734634207024521,7.5
532,2,24,-1.02272806677287,0.2
532,2,25,NaN,NaN
532,2,26,-0.17948571709342,47.3
532,3,1,-1.29897910574799,0
532,3,2,2.65655767072099,97.5
532,3,3,2.59983204027766,94.7
532,3,4,NaN,NaN
532,3,5,1.79619017282404,95.2
532,3,6,2.98028588204155,98.3
532,3,7,-0.352502710823783,55.3
532,3,8,NaN,NaN
532,3,9,2.80810855404309,96.9
532,3,10,-0.0169858806775221,68.4
532,3,11,1.54349089334405,94.6
532,3,12,0.236914781953903,82.9
532,3,13,-0.378169894125786,45.8
532,3,14,0.652989470685011,85
532,3,15,4.3805823542328,98.3
532,3,16,1.30171622864352,86
532,3,17,6.93350458918177,100
532,3,18,-0.397915556700028,44.9
532,3,19,4.15484465748179,99.3
532,3,20,4.89350501878551,99
532,3,21,NaN,NaN
532,3,22,-1.40312547683183,0
532,3,23,-0.173431146529314,67
532,3,24,-0.449445755333581,26.8
532,3,25,-0.24863838730291,66.3
532,3,26,NaN,NaN
532,3,27,NaN,NaN
532,3,28,1.14634612414352,84.1
532,3,29,10.6946770790305,100
532,3,30,0.446459789646302,88.7
532,3,31,4.20440455794134,99.5
532,3,32,-0.799001258488238,2.9
532,3,33,-0.67103513305941,17.2
532,3,34,4.79577101636318,100
532,3,35,1.298961471768,94.3
532,3,36,3.89769619671258,98.7
532,3,37,-0.971874930136843,2.1
532,3,38,NaN,NaN
532,3,39,7.78061610620893,100
532,3,40,4.16988733841679,98.2
532,3,41,-0.591189720662738,6
532,3,42,-0.506489296447329,12.1
532,3,43,-0.645782581325584,9.6
532,3,44,-0.702959720704816,7
532,3,45,0.246468694458601,81.5
532,3,46,1.85930788671413,93
532,3,47,6.7350640423494,100
532,3,48,NaN,NaN
532,3,49,7.21372479223165,100
532,3,50,-0.549393542367619,12.2
532,3,51,-0.262436390515735,67.4
532,3,52,1.90667011158164,93.6
535,1,1,-0.242540979372022,47.8
535,1,2,1.98406684844989,95.5
535,1,3,0.428255405546591,75.8
535,1,4,2.24687147433815,97.1
535,1,5,-0.883469664311595,2.5
535,1,6,2.8367667114429,98.6
535,1,7,-0.955705834171848,7.3
535,1,8,-0.320524772149143,31.1
535,1,9,-0.274089431436014,59.7
535,1,10,0.351124083521785,72.8
535,1,11,-0.819299437932375,13.4
535,1,12,7.48675425249386,99.6
535,1,13,1.08973019165211,97.3
535,1,14,-0.955377532552891,8.9
535,1,15,0.0562468335909163,73.3
535,1,16,0.0950218214646343,84.8
535,1,17,NaN,NaN
535,1,18,NaN,NaN
535,1,19,-0.143788240573422,41
535,1,20,-0.490275733905365,10.4
535,1,21,-0.406746625188141,19
535,1,22,-0.577109814609459,24.7
535,1,23,-1.36581337514436,1.6
535,1,24,-0.0939215669799739,55.4
535,1,25,-0.383655351820808,28.9
535,1,26,2.39396977133861,97.9
535,1,27,0.817204915583548,82.2
535,1,28,0.647399601682232,80.2
535,1,29,-0.802779905676306,5.4
535,1,30,-0.0770833047543566,63.7
535,1,31,-0.310256522543491,27.5
535,1,32,1.15494406578054,88.6
535,1,33,0.580224303023027,78
535,1,34,7.37511457555664,99.8
535,1,35,3.56352944006433,99.2
535,1,36,14.6326284896186,99.9
535,1,37,0.629106319905694,89.9
535,1,38,0.195438655473782,75.9
535,1,39,1.45436427027653,93.6
535,1,40,0.0863942774843093,62.4
535,1,41,2.94370320335784,98.6
535,1,42,46.7588823837028,100
535,1,43,-0.600885082464511,5
535,1,44,15.1887661920352,100
535,1,45,0.911009443140573,85.5
535,1,46,-0.708662954679981,2.5
535,1,47,-0.266988649976088,68.5
535,1,48,4.65758693537074,99.7
535,1,49,-0.265925757277169,41.6
535,1,50,6.28885257916667,99.6
535,1,51,-0.185473596404835,50.5
535,1,52,-0.0745447572761759,52.5
535,2,1,2.72228076083673,97.1
535,2,2,-0.941919065933688,3.2
535,2,3,NaN,NaN
535,2,4,4.72174859157187,99
535,2,5,0.0387690717620857,77.6
535,2,6,1.76860579973095,94.6
535,2,7,0.336781835259861,83.4
535,2,8,-0.499470811086584,19.7
535,2,9,-0.725012153555123,2.8
535,2,10,-0.401446034812936,20.4
535,2,11,2.73280903598979,96.9
535,2,12,1.14329944360185,92.3
535,2,13,0.604201381053793,82.5
535,2,14,-0.193590548719392,63.1
535,2,15,NaN,NaN
535,2,16,1.52644702040021,91.8
535,2,17,0.0232540089277612,72.5
535,2,18,-0.710913837626882,4.7
535,2,19,1.8085749901744,93.9
535,2,20,1.43915988726829,93.4
535,2,21,-0.560824073538003,12.8
535,2,22,1.04578413104974,91.8
535,2,23,-0.552064150474742,8.8
535,2,24,7.51109126690486,99.7
535,2,25,-0.0466980446769787,67.7
535,2,26,0.943717102444391,90.2
535,2,27,-0.487124595458917,12.4
535,2,28,-0.426196197598045,24.2
535,2,29,-0.30327218561246,53.7
535,2,30,-1.44147084794737,0
535,2,31,-0.485151582928556,28.2
535,2,32,2.52997925158678,97.3
535,2,33,-0.36153537189717,56.9
535,2,34,2.46615744717951,96.9
535,2,35,0.150871728881586,71
535,2,36,3.73950035263068,98.3
535,2,37,3.27681849219201,98.1
535,2,38,2.62790090906065,97.6
535,2,39,1.32678023588914,91.2
535,2,40,1.07412263233635,91.6
535,2,41,0.405220330152593,76.5
535,2,42,0.874601289916727,88.6
535,3,1,-0.44079261679898,37
535,3,2,0.66729875100392,89.2
535,3,3,0.038634490498244,72.3
535,3,4,-0.338478597019488,63.6
535,3,5,NaN,NaN
535,3,6,0.338413558941868,82.4
535,3,7,4.4383270635443,99.1
535,3,8,4.79572773439395,99.3
535,3,9,-0.620379245871526,32.5
535,3,10,-0.600719331613571,10.6
535,3,11,-0.582019356474844,37.6
535,3,12,0.730833315034049,87
535,3,13,-0.585082732851835,14.2
535,3,14,2.33130662121044,95.6
535,3,15,-1.12389375193768,0
535,3,16,0.0546717280312128,79.6
535,3,17,-0.437667062656326,19.4
535,3,18,5.68317833834575,99.3
535,3,19,2.84211275076299,96.4
535,3,20,0.283901198035078,83.5
535,3,21,-0.443539021532134,23.6
535,3,22,0.538225051099511,87.1
535,3,23,0.186617276936076,79.9
535,3,24,2.95992780050331,98.3
535,3,25,0.376138238059475,84.7
535,3,26,NaN,NaN
535,3,27,-0.584370491364851,2.2
535,3,28,-0.660482946221714,1.7
535,3,29,-0.445495685621071,36.3
535,3,30,2.8675277697394,97.2
535,3,31,-0.85268557758271,0.7
535,3,32,-0.0476096429768754,75.2
535,3,33,-0.671546541357169,9.3
535,3,34,-0.356570810782176,62.1
535,3,35,0.604072409145271,85.9
535,3,36,0.273624967685893,84.5
535,3,37,-0.451271158032953,35.2
535,3,38,-0.363361452539503,39.5
535,3,39,-0.443635187412439,21.2
535,3,40,-0.667007551756051,2.2
535,3,41,-0.522871281979416,22.8
535,3,42,-0.262296397399532,52.7
535,3,43,-0.362040714991076,42.1
535,3,44,-0.646436058653694,6.4
535,3,45,-0.410196484533028,44.1
543,1,1,-0.397066549295959,10.2
543,1,2,-0.0849166177440517,31.4
543,1,3,-0.633335062816927,23.5
543,1,4,-0.0882913954165928,70.7
543,1,5,-0.0564509287796918,64.2
543,1,6,-7.40358426273189,0.1
543,1,7,-1.527140742962,2.2
543,1,8,-0.0737224537070889,44.2
543,1,9,-0.0613559345629231,69.2
543,1,10,-12.2711458731977,0
543,1,11,-0.613648515218734,4.5
543,1,12,-1.12034923798158,4.7
543,1,13,NaN,NaN
543,1,14,0.0598327801293062,85.4
543,1,15,-0.15116922938338,24.9
543,1,16,-0.0872601625008225,47.1
543,1,17,1.16824529447558,97.3
543,1,18,0.184957347759365,80.6
543,1,19,-3.5577905311406,0.8
543,1,20,0.242623687046805,66.8
543,1,21,-0.0693291969722894,44.6
543,1,22,1.0322772999328,89.1
543,1,23,-0.376921272970381,12
543,1,24,-0.0953540031411492,65.3
543,1,25,0.132028742448188,72.8
543,1,26,-0.352890258965341,26.7
543,1,27,-2.43881309005358,2
543,1,28,-0.0859017045651808,42.5
543,1,29,-0.0538768422791306,59.4
543,1,30,-3.60273700644037,0.9
543,1,31,-3.45408809918104,0.7
543,1,32,0.528246888354667,78
543,1,33,0.247160766017433,63.2
543,1,34,-0.776919341595965,17
543,1,35,0.0529368290659488,51.2
543,1,36,-0.0569397867027982,43
543,1,37,-0.11595158135553,28.9
543,1,38,-0.347813756986196,19.7
543,1,39,-0.0631964370880248,45.4
543,1,40,1.40675909241714,91.9
543,1,41,-0.479985926915933,21.3
543,1,42,0.725161203909818,88.2
543,1,43,-0.3177875456632,30.5
543,1,44,0.389709447477776,68.5
543,1,45,-0.0758029527617405,47.1
543,1,46,-0.0662695270296146,47.4
543,2,1,NaN,NaN
543,2,2,NaN,NaN
543,2,3,-0.359683286722702,22.2
543,2,4,NaN,NaN
543,2,5,-0.224545516665671,46.7
543,2,6,NaN,NaN
543,2,7,NaN,NaN
543,2,8,NaN,NaN
543,2,9,NaN,NaN
543,2,10,NaN,NaN
543,2,11,0.270513621754052,84
543,2,12,NaN,NaN
543,2,13,NaN,NaN
543,2,14,NaN,NaN
543,2,15,NaN,NaN
543,2,16,-0.511800977784314,17.1
543,2,17,NaN,NaN
543,2,18,-0.0463943998581058,79.2
543,2,19,NaN,NaN
543,2,20,NaN,NaN
543,2,21,-0.0121652857912058,79
543,2,22,-0.223164822416697,67.1
543,2,23,NaN,NaN
543,2,24,NaN,NaN
543,2,25,NaN,NaN
543,2,26,NaN,NaN
543,2,27,-0.140494815799158,69.9
543,2,28,-0.307151123891343,33.6
543,2,29,1.04118811463212,92.8
543,2,30,-0.366700851707347,21.8
543,2,31,3.37400443469867,98.2
543,2,32,NaN,NaN
543,2,33,NaN,NaN
543,2,34,NaN,NaN
543,2,35,NaN,NaN
543,2,36,-0.370194568297372,21.3
543,2,37,-0.102037583557812,50.8
543,2,38,0.00677827797622119,82.9
543,2,39,-0.774452770149668,3.4
543,3,1,NaN,NaN
543,3,2,NaN,NaN
543,3,3,NaN,NaN
543,3,4,NaN,NaN
543,3,5,NaN,NaN
543,3,6,NaN,NaN
543,3,7,NaN,NaN
543,3,8,NaN,NaN
543,3,9,NaN,NaN
543,3,10,NaN,NaN
543,3,11,NaN,NaN
543,3,12,NaN,NaN
543,3,13,NaN,NaN
543,3,14,NaN,NaN
543,3,15,NaN,NaN
543,3,16,NaN,NaN
543,3,17,NaN,NaN
543,3,18,NaN,NaN
543,3,19,NaN,NaN
543,3,20,NaN,NaN
546,1,1,8.99331651395294,100
546,1,2,0.0817039526677432,15.8
546,1,3,0.139004591173965,90.7
546,1,4,-1.67055449325581,2.9
546,1,5,-2.58820989140068,1.1
546,1,6,0.0401843428634737,32.3
546,1,7,2.78185055034059,98.3
546,1,8,-2.7465868773031,1.7
546,1,9,-0.478724322597266,6.1
546,1,10,-1.75911164810623,2.7
546,1,11,2.86964359277108,98.8
546,1,12,15.272890355241,100
546,1,13,-1.02025543946603,7.2
546,1,14,2.28232614778545,97.7
546,1,15,-1.70884218922615,1.9
546,1,16,-1.98185476759775,0.8
546,1,17,0.0335947880582494,15.2
546,1,18,4.92841692642531,99.3
546,1,19,0.542558040904374,94.5
546,1,20,2.12709522305585,97.4
546,1,21,-22.1647933226502,0
546,1,22,-0.00107310955318244,20.7
546,1,23,0.0196928392751945,11.7
546,1,24,-0.525912919047184,10.5
546,1,25,-3.89932361771228,0.8
546,1,26,-5.12745240865793,0.9
546,1,27,-1.73930382364646,2.2
546,1,28,-0.954808456441371,5.5
546,1,29,11.5199845470487,99.9
546,1,30,-1.57918146278293,3.6
546,1,31,-10.4440003511073,0.1
546,1,32,-7.67598726295788,0.4
546,1,33,-3.92011269761769,0.7
546,1,34,12.7848530812745,99.9
546,1,35,2.93339666321491,98.7
546,1,36,0.0446031649126706,9.2
546,1,37,0.0510672806638225,1.1
546,1,38,0.0689109359427061,2
546,1,39,-8.02513564654351,0.3
546,1,40,9.11498739970642,100
546,1,41,-0.616221124493937,6.2
546,1,42,-0.803728096601187,5.2
546,1,43,0.00958643816933805,2.6
546,1,44,0.0159479612536988,2.9
546,1,45,-2.51535547703753,0.4
546,1,46,0.0637957161740163,3.4
546,1,47,-22.9073558245051,0
546,1,48,0.108108956225343,9.9
546,1,49,7.03596612854248,99.7
546,1,50,3.04921992765528,99
546,1,51,-4.65902841389853,0.4
546,1,52,0.145480400065588,84.6
546,1,53,0.136750761211026,98.5
546,1,54,-0.727075579029178,5.2
546,1,55,0.0498079860110159,14.6
546,1,56,0.0837512990137974,3
546,1,57,0.0601374248353423,13.2
546,1,58,-2.04193082816504,2.2
546,1,59,-14.1762321618186,0.1
546,2,1,NaN,NaN
546,2,2,NaN,NaN
546,2,3,NaN,NaN
546,2,4,NaN,NaN
546,2,5,NaN,NaN
546,2,6,NaN,NaN
546,2,7,NaN,NaN
546,2,8,NaN,NaN
546,2,9,NaN,NaN
546,2,10,NaN,NaN
546,2,11,NaN,NaN
546,2,12,NaN,NaN
546,2,13,NaN,NaN
546,2,14,NaN,NaN
546,2,15,NaN,NaN
546,2,16,NaN,NaN
546,2,17,NaN,NaN
546,2,18,NaN,NaN
546,2,19,NaN,NaN
546,2,20,NaN,NaN
546,2,21,NaN,NaN
546,2,22,NaN,NaN
546,2,23,NaN,NaN
546,2,24,NaN,NaN
546,2,25,NaN,NaN
546,2,26,NaN,NaN
546,2,27,NaN,NaN
546,2,28,NaN,NaN
546,2,29,NaN,NaN
546,2,30,NaN,NaN
546,2,31,NaN,NaN
546,2,32,NaN,NaN
546,3,1,-0.273087087113206,73.8
546,3,2,NaN,NaN
546,3,3,NaN,NaN
546,3,4,NaN,NaN
546,3,5,NaN,NaN
546,3,6,NaN,NaN
546,3,7,NaN,NaN
546,3,8,NaN,NaN
546,3,9,NaN,NaN
546,3,10,3.09673828109074,98
546,3,11,3.15489877333645,97.5
546,3,12,1.0023714359562,81.9
546,3,13,NaN,NaN
546,3,14,-0.439892104064133,51.7
546,3,15,NaN,NaN
546,3,16,NaN,NaN
546,3,17,NaN,NaN
546,3,18,-0.696992717658061,26.4
546,3,19,NaN,NaN
546,3,20,NaN,NaN
546,3,21,NaN,NaN
546,3,22,2.98517408495653,96.2
546,3,23,-0.561699357186682,21.2
546,3,24,2.70065763506274,94.3
546,3,25,-0.268625011646382,74.1
546,3,26,NaN,NaN
546,3,27,NaN,NaN
546,3,28,NaN,NaN
546,3,29,-0.541024285413068,24.9
546,3,30,-0.160941065909155,74.6
546,3,31,NaN,NaN
546,3,32,-0.336885926828577,58.6
546,3,33,NaN,NaN
546,3,34,NaN,NaN
546,3,35,0.207581126771391,76
546,3,36,NaN,NaN
546,3,37,NaN,NaN
546,3,38,NaN,NaN
546,3,39,1.05093493464533,86.2
546,3,40,-0.213738758330762,77
546,3,41,NaN,NaN
546,3,42,-0.4642627566153,37.8
546,3,43,NaN,NaN
546,3,44,NaN,NaN
546,3,45,2.88519432557625,96.7
546,3,46,-0.451046641351767,60.1
546,3,47,2.22583158633322,94.1
546,3,48,0.268821516000595,78.6
546,3,49,-0.514873609487302,34.8
546,3,50,NaN,NaN
546,3,51,-0.614543733502165,7.3
546,3,52,NaN,NaN
557,1,1,NaN,NaN
557,1,2,NaN,NaN
557,1,3,0.293017610574217,76.7
557,1,4,NaN,NaN
557,1,5,-0.0440366394468625,45.5
557,1,6,-0.955847762736033,8.1
557,1,7,NaN,NaN
557,1,8,-1.54827166728485,4.7
557,1,9,6.26705617145239,99.3
557,1,10,-3.67365210555217,0.1
557,1,11,7.9783014559366,100
557,1,12,0.861466621714443,86.6
557,1,13,9.63933325870343,99.3
557,1,14,-0.116595807823962,38.1
557,1,15,1.58657983374648,94.3
557,1,16,3.42862861738557,99.6
557,1,17,-0.823358924341484,9.8
557,1,18,-0.131437223379779,43.9
557,1,19,NaN,NaN
557,1,20,0.154394800847166,61
557,1,21,0.780226932358797,83.6
557,1,22,-1.2390020993991,6.6
557,1,23,-0.277928596151911,29.1
557,1,24,-1.0590548729741,8
557,1,25,-0.580566317959489,19.3
557,1,26,NaN,NaN
557,1,27,0.190847077656741,68.4
557,1,28,NaN,NaN
557,1,29,NaN,NaN
557,1,30,1.0934892736329,90.7
557,1,31,0.366441476921096,78.6
557,1,32,0.0177345143828223,61.7
557,1,33,NaN,NaN
557,1,34,-0.467104331641802,25.9
557,1,35,0.360589593500165,81.5
557,1,36,-0.10775299544804,43.4
557,1,37,-0.974345706603652,10
557,1,38,NaN,NaN
557,1,39,2.1951843589277,98.3
557,1,40,15.3239467237631,99.9
557,1,41,-0.300676645135514,30.9
557,1,42,0.362797306708281,72.2
557,1,43,0.600226534670498,80.8
557,1,44,1.46684878487178,96.5
557,1,45,1.41430630498619,93.5
557,2,1,-0.324173620451641,45.8
557,2,2,NaN,NaN
557,2,3,NaN,NaN
557,2,4,NaN,NaN
557,2,5,-0.324038678841768,46.7
557,2,6,NaN,NaN
557,2,7,NaN,NaN
557,2,8,-1.42039873146399,0.4
557,2,9,0.442413015535776,76.3
557,2,10,-0.436308097776353,22.8
557,2,11,NaN,NaN
557,2,12,NaN,NaN
557,2,13,NaN,NaN
557,2,14,-1.38311538759899,0.4
557,2,15,-0.262308088397474,41.6
557,2,16,NaN,NaN
557,2,17,-0.393430425604068,39.4
557,2,18,NaN,NaN
557,2,19,NaN,NaN
557,2,20,NaN,NaN
557,2,21,NaN,NaN
557,2,22,-0.347629682639974,44.7
557,2,23,-0.130225515191727,68.1
557,2,24,-0.517110051362781,33.8
557,2,25,NaN,NaN
557,2,26,NaN,NaN
557,2,27,-0.464654408997018,29.5
557,2,28,-0.443240198437331,22.5
557,2,29,NaN,NaN
557,2,30,0.216092526383313,82.8
557,2,31,-0.444216984157147,23.9
557,2,32,NaN,NaN
557,2,33,NaN,NaN
557,2,34,-0.724570720501591,15.4
557,2,35,NaN,NaN
557,2,36,NaN,NaN
557,2,37,NaN,NaN
557,2,38,-0.308161177834891,58.3
557,2,39,NaN,NaN
557,2,40,-0.395234383346019,53.7
557,2,41,NaN,NaN
557,2,42,NaN,NaN
557,3,1,NaN,NaN
557,3,2,NaN,85.5
557,3,3,NaN,NaN
557,3,4,NaN,NaN
557,3,5,NaN,NaN
557,3,6,NaN,NaN
557,3,7,NaN,NaN
557,3,8,NaN,NaN
557,3,9,NaN,NaN
557,3,10,NaN,NaN
557,3,11,NaN,NaN
557,3,12,NaN,10.8
557,3,13,NaN,NaN
557,3,14,NaN,NaN
557,3,15,NaN,82.8
557,3,16,NaN,NaN
557,3,17,NaN,NaN
557,3,18,NaN,66.9
557,3,19,NaN,79.8
557,3,20,NaN,7.8
557,3,21,NaN,NaN
557,3,22,NaN,67.5
557,3,23,NaN,9.4
557,3,24,NaN,83.4
557,3,25,NaN,NaN
557,3,26,NaN,0.5
557,3,27,NaN,NaN
557,3,28,NaN,55.6
557,3,29,NaN,71.8
557,3,30,NaN,14.3
557,3,31,NaN,NaN
557,3,32,NaN,NaN
557,3,33,NaN,NaN
557,3,34,NaN,NaN
570,1,1,-0.0562116970807571,76.8
570,1,2,-0.527209320372989,16.9
570,1,3,NaN,NaN
570,1,4,-0.215774818021871,28.6
570,1,5,-0.652353447235897,16.6
570,1,6,NaN,NaN
570,1,7,0.0765694618423403,59.2
570,1,8,NaN,NaN
570,1,9,-0.415050422582922,27.6
570,1,10,-0.716915323148791,13.2
570,1,11,1.22164558632825,91
570,1,12,-2.63068462964975,0.9
570,1,13,-0.254301814594376,44.7
570,1,14,0.541504648611303,88.5
570,1,15,-1.44237391669039,5
570,1,16,2.15336522264825,98.8
570,1,17,4.057174570098,98.6
570,1,18,-0.939032841785753,6.5
570,1,19,-0.337581833211787,29.6
570,1,20,-0.677597666880872,16.8
570,1,21,-0.819387947026735,7.6
570,1,22,-0.142015739425951,42
570,1,23,-0.334949053888977,27.5
570,1,24,-1.87705316108289,0
570,1,25,-0.467919687840158,19.4
570,1,26,-0.522787733331012,23.2
570,1,27,-0.560937621715503,22.5
570,1,28,2.56610908547149,98.9
570,1,29,10.8456197899723,99.9
570,1,30,-0.458230957112669,26.3
570,1,31,0.980280914736822,88.1
570,1,32,-0.498598790335596,18.1
570,1,33,-0.88663835564779,8.9
570,1,34,-0.11790248858702,67.6
570,1,35,0.720432636452714,93.2
570,1,36,-1.29445387701292,8.7
570,1,37,-2.40478517163808,1.2
570,1,38,0.59326454460584,91.7
570,1,39,-0.148572986047857,40.5
570,1,40,0.0809581939806463,65.3
570,1,41,0.82508741990723,90.7
570,1,42,-0.668911656822335,20.5
570,1,43,-0.0135093075179816,65.9
570,1,44,-0.353314319423386,30.2
570,1,45,0.104555930871948,58.7
570,1,46,0.288329533182036,80.7
570,1,47,0.391529354954453,74.1
570,1,48,-0.422561160084031,24.1
570,1,49,3.21209539582968,99.1
570,1,50,-1.68014744073888,4.3
570,1,51,-1.26366213346488,5.3
570,1,52,-0.32471590247643,33.3
570,1,53,-2.44878667433654,0.1
570,1,54,-0.382689136617619,22.1
570,1,55,1.80715094702135,95.8
570,1,56,-1.00875369913249,3.6
570,1,57,0.644730598458138,82.7
570,1,58,1.29219994728591,91.8
570,1,59,-0.48320553181662,22.6
570,1,60,-0.282043334993769,38.8
570,1,61,-1.82803399867532,1.9
570,1,62,0.51578237551513,91.3
570,1,63,-0.441427196605588,21.5
570,1,64,-0.273058454517935,32.6
570,1,65,-0.415111077341961,29.1
570,1,66,1.37905211703335,93.5
570,2,1,NaN,NaN
570,2,2,NaN,NaN
570,2,3,NaN,NaN
570,2,4,NaN,NaN
570,2,5,NaN,NaN
570,2,6,NaN,NaN
570,2,7,NaN,NaN
570,2,8,NaN,NaN
570,2,9,NaN,NaN
570,2,10,NaN,NaN
570,2,11,NaN,NaN
570,2,12,NaN,NaN
570,2,13,NaN,NaN
570,2,14,NaN,NaN
570,2,15,NaN,NaN
570,2,16,NaN,NaN
570,2,17,NaN,NaN
570,2,18,NaN,NaN
570,2,19,NaN,NaN
570,2,20,NaN,NaN
570,2,21,NaN,NaN
570,2,22,NaN,NaN
570,2,23,NaN,NaN
570,2,24,NaN,NaN
570,2,25,NaN,NaN
570,2,26,NaN,NaN
570,2,27,NaN,NaN
570,2,28,NaN,NaN
570,2,29,NaN,NaN
570,2,30,NaN,NaN
570,2,31,NaN,NaN
570,2,32,NaN,NaN
570,2,33,NaN,NaN
570,2,34,NaN,NaN
570,2,35,NaN,NaN
570,2,36,NaN,NaN
570,2,37,NaN,NaN
570,2,38,NaN,NaN
570,2,39,NaN,NaN
570,2,40,NaN,NaN
570,2,41,NaN,NaN
570,2,42,NaN,NaN
570,2,43,NaN,NaN
570,2,44,NaN,NaN
570,2,45,NaN,NaN
570,2,46,NaN,NaN
570,2,47,NaN,NaN
570,2,48,NaN,NaN
570,2,49,NaN,NaN
570,2,50,NaN,NaN
570,2,51,NaN,NaN
570,2,52,NaN,NaN
570,2,53,NaN,NaN
570,2,54,NaN,NaN
570,2,55,NaN,NaN
570,2,56,NaN,NaN
570,2,57,NaN,NaN
570,2,58,NaN,NaN
570,3,1,NaN,NaN
570,3,2,-0.639058865547508,36.3
570,3,3,-0.844113112481316,14.8
570,3,4,0.612973435778172,80.2
570,3,5,-0.739805078971213,9.2
570,3,6,NaN,NaN
570,3,7,-0.363827680644195,53
570,3,8,NaN,NaN
570,3,9,NaN,NaN
570,3,10,-0.660732141072143,31.1
570,3,11,-0.66561774378169,29.5
570,3,12,2.46733013914977,97.8
570,3,13,-0.596175547797109,42.3
570,3,14,-0.454342480644389,40.5
570,3,15,NaN,NaN
570,3,16,-0.115302632953318,66.8
570,3,17,-0.338949991556757,57.1
570,3,18,-0.482195260998553,38.7
570,3,19,0.945631510696056,83.2
570,3,20,1.42729190644234,91.2
570,3,21,-0.365494494939569,62.9
570,3,22,-0.306761785470947,58
570,3,23,0.246263154048145,83.4
570,3,24,-0.858903068346008,12.1
570,3,25,1.78669172786391,89
570,3,26,NaN,NaN
570,3,27,-0.523195207224297,28.5
570,3,28,0.604097257574795,79.4
570,3,29,0.631091449037401,79.8
570,3,30,NaN,NaN
570,3,31,-0.492834388946498,22.2
570,3,32,-0.900520509303278,9
570,3,33,0.847922502317492,77.7
570,3,34,-0.660239291414587,15.6
570,3,35,NaN,NaN
570,3,36,NaN,NaN
570,3,37,-0.199585953553925,65.3
570,3,38,2.56841226805079,96.8
570,3,39,3.19016848467184,97.2
570,3,40,NaN,NaN
570,3,41,-0.786980357825918,6.5
570,3,42,2.47121824171633,95.6
570,3,43,NaN,NaN
570,3,44,NaN,NaN
570,3,45,0.804223219625125,87
570,3,46,-0.200828698698949,66.4
573,1,1,0.402312578852997,78.4
573,1,2,0.113346681103258,46
573,1,3,-1.02194899167458,7.9
573,1,4,-0.258793622750946,13.4
573,1,5,0.15249109413542,16.9
573,2,1,-0.133763878434372,41.8
573,2,2,-0.196726828376664,41.8
573,2,3,-1.30769086530323,7.1
573,2,4,-0.16449830921201,42.4
573,2,5,1.36573225301391,92.6
573,2,6,-0.955448001608902,11
573,2,7,0.355721531092583,77.9
573,2,8,0.288009786139597,70.7
573,2,9,-0.86717599493625,13
573,2,10,-0.104226204627818,46.7
573,2,11,0.938575670317347,93.3
573,2,12,-1.42612112636381,5
573,2,13,0.0973878631777152,62.5
573,2,14,-0.652968383446397,17.3
573,2,15,0.187392026457901,65.7
573,2,16,1.66957246967829,94.5
573,2,17,-3.03319252245553,0.3
573,2,18,-1.67799201696931,1.2
573,2,19,-0.340172345455585,29.2
573,2,20,-1.29032240173657,6.6
573,3,1,NaN,NaN
573,3,2,-0.805806659819239,14
573,3,3,NaN,NaN
573,3,4,-1.07142271274319,8.5
573,3,5,-0.150894070497891,43.6
573,3,6,NaN,NaN
573,3,7,0.0306686745974172,64.3
573,3,8,-0.467125032449507,25.8
573,3,9,-0.429842508449238,19.8
573,3,10,-0.740282842576073,10.3
573,3,11,0.192876560516051,69.1
573,3,12,-0.377761708870425,35.6
573,3,13,-0.307303132794591,43.4
573,3,14,-0.210900564103772,45.4
573,3,15,0.230896112764702,62.5
573,3,16,0.0290717746321798,54.1
573,3,17,-0.154211784945072,66
573,3,18,0.539789940182181,78.3
573,3,19,NaN,NaN
573,3,20,-0.69240258304205,8.3
573,3,21,0.134308760643151,61
573,3,22,0.0948382635477544,60.9
573,3,23,-0.0653863819393077,48.6
573,3,24,-0.357132526052661,38
573,3,25,-0.29601904640457,47.1
584,1,1,1.52402056087369,95
584,1,2,0.104974181233932,78
584,1,3,0.295437132310018,68.8
584,1,4,1.19927300908478,91.4
584,1,5,0.42550742840621,76
584,1,6,0.0344633799302543,52.9
584,1,7,0.657156915014401,81.8
584,1,8,0.324599637839545,80.4
584,1,9,-0.272766320939974,29.4
584,1,10,-0.36516824742535,29.4
584,1,11,-0.420900008760371,29.7
584,1,12,0.504335753935013,75.2
584,1,13,-0.333012877456787,31.3
584,1,14,NaN,NaN
584,1,15,-0.0288797749512917,53.5
584,1,16,0.64879961447267,88
584,2,1,1.75668256128171,95.9
584,2,2,-0.611263009654501,21.3
584,2,3,0.292862119339153,66.4
584,2,4,0.00751510682367668,45.3
584,2,5,-1.46190146652518,7.7
584,2,6,1.24531478691934,94
584,2,7,-1.56963264115643,6.1
584,2,8,0.346904115433564,69.5
584,2,9,0.343567572469001,61.6
584,2,10,0.145801158674576,58.5
584,2,11,-0.10769728269829,45.8
584,2,12,-0.0289405272692105,43.9
584,2,13,0.557749803934019,79.7
584,3,1,2.64182179202763,93.5
584,3,2,NaN,NaN
584,3,3,-0.262909627950309,38.3
584,3,4,-0.243382805952136,56.5
584,3,5,-0.566492142769165,8.5
584,3,6,-1.23201097791035,0.5
584,3,7,-0.206500375868333,37.8
584,3,8,0.00481062095493872,64.3
584,3,9,-0.302811212825488,50.7
584,3,10,-0.184400132064065,65
584,3,11,-0.346358193346448,23.8
584,3,12,-0.176319669132658,52.3
584,3,13,NaN,NaN
584,3,14,-0.566472789282053,14.3
584,3,15,0.262458479487804,75
584,3,16,-0.127075317625747,50.9
584,3,17,-0.195474008500521,56.3
584,3,18,-0.487560470827276,24.5
584,3,19,0.143190189555769,75.5
584,3,20,-0.300474542696552,26.2
584,3,21,NaN,NaN
584,3,22,-0.300459501935139,35
584,3,23,-0.300318263426925,32.2
584,3,24,-0.302844015302317,26.9
584,3,25,-0.231990446872148,43
584,3,26,-0.283526775921175,51.4
584,3,27,-0.219959894316852,64
584,3,28,0.814146755713547,93.3
584,3,29,-0.191845614818213,40
584,3,30,-0.906878988227263,2.7
584,3,31,-0.742076268047985,9.4
584,3,32,-0.454736712648236,16.2
585,1,1,-0.060551166657547,52.8
585,1,2,-0.912791993695086,13.7
585,1,3,-0.829302170630582,13.3
585,1,4,NaN,NaN
585,1,5,-0.248762403815923,24
585,1,6,0.457793154737301,81
585,1,7,2.34042579192232,98.3
585,1,8,-0.208343190290253,29
585,1,9,0.895741750597344,89.7
585,1,10,-0.186118935276945,32
585,1,11,-0.18335547972694,37.9
585,1,12,-3.10490304146242,0.7
585,1,13,0.171448960131486,67
585,1,14,-0.94045571906311,12.2
585,1,15,NaN,NaN
585,1,16,0.41079211109763,83.2
585,1,17,2.57530212846414,97.7
585,1,18,-0.0421564628982736,50.3
585,1,19,0.509810376283661,79.2
585,1,20,2.1128938973373,97.4
585,1,21,0.280146597321252,76.4
585,1,22,0.247368765502639,72.7
585,1,23,0.986758332911502,88.1
585,1,24,-0.04128350846759,53.4
585,1,25,1.11463373372104,89.8
585,1,26,-2.26666421097817,1.9
585,1,27,-0.559052018155931,21
585,1,28,0.131263864938446,66.7
585,1,29,7.78230379288702,99.9
585,1,30,-1.79357082486433,2.8
585,1,31,NaN,NaN
585,1,32,0.138975888437616,61.3
585,1,33,1.93495015575248,96.3
585,1,34,-0.813946470307678,12.5
585,1,35,-0.106546256194503,43
585,1,36,1.45834704591183,94.6
585,1,37,0.0501116462345323,49.6
585,1,38,-2.05092877582295,3.3
585,1,39,2.9972860321705,99.6
585,1,40,0.777447364870144,88.3
585,1,41,0.377534820606128,76.5
585,1,42,-0.260891890719119,33.4
585,1,43,0.471280731812605,80.3
585,1,44,-0.876273748551513,11.1
585,1,45,-1.52450703011884,6.1
585,2,1,-1.15352044571566,4.7
585,2,2,1.47420844654357,94.1
585,2,3,-0.274038276711289,33.3
585,2,4,-0.00401565968307068,52.3
585,2,5,-0.033506182363637,51
585,2,6,-1.65480319709052,5.3
585,2,7,0.605617847454191,77.9
585,2,8,-0.217529227556407,37.9
585,2,9,1.0902508049939,89.1
585,2,10,-1.5459723493913,5.1
585,2,11,-3.21156751037002,0.4
585,2,12,0.939160896900079,88.5
585,2,13,0.796308498215831,82
585,2,14,0.619491727184199,78.3
585,2,15,-0.129957195663353,41.6
585,2,16,-0.056475468087008,48.2
585,2,17,0.157851880827719,62.7
585,2,18,0.493120160812191,83.6
585,2,19,-0.0572686478318199,47.3
585,2,20,1.47179227414428,94.1
585,2,21,0.0842072829939069,54.1
585,2,22,-0.226338786276763,38.7
585,2,23,0.0379711566052214,53.5
585,2,24,-0.577375062882123,23.7
585,2,25,-0.14830386938468,37.9
585,2,26,2.57011522068873,98.6
585,2,27,0.110746454992405,69.8
585,2,28,1.23329706375655,91.6
585,2,29,5.85722798153176,99.9
585,2,30,0.826660709847191,83.3
585,2,31,-3.57697135020342,0.5
585,2,32,0.359722055438089,68.1
585,2,33,0.379547207305602,70.6
585,2,34,-0.86426829076961,15.4
585,2,35,-1.47255389310275,5.4
585,2,36,0.0371495867682258,54.7
585,2,37,-0.0556577991617741,45.9
585,2,38,-0.123773100093506,45.8
585,2,39,-0.263948156009335,36.3
585,2,40,0.954277621563827,86.1
585,2,41,-1.23581146966811,8.2
585,2,42,-0.242310626898605,37.7
585,2,43,-1.49854211958325,6
585,2,44,0.130013898059037,57.2
585,2,45,-0.822903883363784,16
585,2,46,0.669277902886959,80.2
585,2,47,-0.84984835727559,14.7
585,2,48,1.10671439096966,90.3
585,2,49,-1.13657162669603,10.8
585,2,50,-0.85593098989953,16
585,2,51,0.0980108692932874,56.5
585,2,52,0.00956536639327772,52.9
585,2,53,1.20557047129102,89.5
585,2,54,-0.406007121985849,31
585,2,55,4.00595866466499,99.9
585,2,56,1.14749427049973,89.6
585,2,57,0.729464268317751,82.7
585,2,58,0.860239418224515,84.7
585,2,59,-3.09292534060034,0.9
585,2,60,0.389683560876646,69.6
585,2,61,-0.308377033771767,33.7
585,2,62,1.53030900938909,94.2
585,2,63,-0.61790391686601,20.4
585,2,64,0.293538899733586,67.2
585,2,65,2.61566692306163,98.8
585,2,66,0.865778333439504,84.7
585,2,67,1.3569528078919,92.6
585,2,68,-3.18326208065962,0.3
585,2,69,1.64437662980895,95
585,3,1,0.358430682705643,76.7
585,3,2,-0.384962183671478,26.4
585,3,3,-0.114089143908563,48.4
585,3,4,-0.268999325823377,34.6
585,3,5,-3.65867461884892,0.3
585,3,6,0.62127009422244,84.9
585,3,7,0.132404179543369,66.2
585,3,8,-1.07677913209724,5
585,3,9,-0.550864160074751,15.5
585,3,10,NaN,NaN
585,3,11,-0.0236998875207466,55.6
585,3,12,0.467986343689189,81.2
585,3,13,-0.383429176900405,33.1
585,3,14,-0.170252230213745,47.3
585,3,15,-0.407055715636053,24.5
585,3,16,NaN,NaN
585,3,17,-0.182997204477693,46.4
585,3,18,-0.663708934433905,24.4
585,3,19,0.199528792256155,64.5
585,3,20,-0.368488336514178,31.3
585,3,21,-0.397522337209421,31.6
585,3,22,0.664745415269866,76.8
585,3,23,0.799784396896318,83.7
585,3,24,-0.994407000544313,9.2
585,3,25,-0.622175976561329,23.4
585,3,26,NaN,NaN
585,3,27,0.480680097875965,79.6
585,3,28,-0.294798305862102,34.7
585,3,29,-0.0269996255644823,57.2
585,3,30,-0.529677688304777,18.9
585,3,31,0.158295282921882,60.5
585,3,32,-0.792147993361509,12.3
585,3,33,-0.230203548678716,41.6
585,3,34,-0.232723841605968,42.1
585,3,35,0.459464851566859,78.5
585,3,36,-0.411309944398862,34.1
585,3,37,2.61713787717613,98.9
585,3,38,-1.34782197669539,3.5
585,3,39,-0.0775719190853316,52.1
585,3,40,-0.534807088914677,23.8
585,3,41,-0.520377329426351,27.3
585,3,42,-0.875478993979418,15.7
585,3,43,0.0104996567788852,52.6
585,3,44,-0.619695788035333,25.1
585,3,45,-0.301555561261414,38.7
585,3,46,-1.3705074155444,7
585,3,47,-0.0462531514797575,50.6
585,3,48,0.881993830537696,84.4
585,3,49,1.09335669650857,91.2
585,3,50,-0.164725020396977,48.7
585,3,51,-0.324576269447654,37.3
585,3,52,1.26026113182692,91.9
585,3,53,0.734836641481257,87.3
585,3,54,0.978388089934729,86.3
585,3,55,2.19208698297601,96.6
585,3,56,NaN,NaN
585,3,57,0.801419099155331,82.9
585,3,58,-1.22231986348979,8.7
585,3,59,1.51036552033591,94.6
585,3,60,1.73090500923662,94.7
585,3,61,-0.446403818242679,33.4
585,3,62,0.797077778613711,81
585,3,63,0.868331711482078,88.7
585,3,64,-0.337006126078381,37.8
585,3,65,-0.175571885593334,47.5
585,3,66,-0.366214906985073,28.3
585,3,67,0.0805714542493966,58.6
585,3,68,0.305167696720118,77.3
585,3,69,-0.419597742586314,34.5
585,3,70,-0.39972281701734,30.7
585,3,71,NaN,NaN
585,3,72,-0.0618697146267533,51.8
585,3,73,-0.560108966599477,27.1
585,3,74,1.71060607403072,94.3
585,3,75,-0.224373427751209,41.9
585,3,76,-1.73129756154089,2.6
585,3,77,1.27178851747144,91.5
585,3,78,-1.61276308104927,4
585,3,79,0.135801346710259,59.7
585,3,80,-0.239696056473222,41.3
585,3,81,0.997475480496054,88.3
585,3,82,1.74225056247748,94
585,3,83,-0.88978221316984,12.9
585,3,84,-0.164164505305358,46.4
585,3,85,0.922086884170783,88.4
585,3,86,0.518209975153663,76.6
585,3,87,0.139308113183973,56.9
585,3,88,-0.31727424625092,39.5
585,3,89,-0.278871779550336,38.5
585,3,90,-2.61599168014477,0.2
585,3,91,0.021746423878989,55
585,3,92,0.442875011435609,72.8
585,3,93,0.13927737306935,59.9
585,3,94,-0.103199679535135,48.3
585,3,95,-0.253654654513318,42.1
585,3,96,-0.593290818516486,20.8
586,1,1,-1.06196536833293,11.1
586,1,2,1.34900372759813,92.5
586,1,3,-0.401993930707666,25.6
586,1,4,-1.21591146891767,6.8
586,1,5,-0.124375452714798,40.1
586,1,6,0.519391907845394,76.9
586,1,7,1.6273593717706,94
586,1,8,-0.936921243539039,10.2
586,1,9,0.0991803185937667,58
586,1,10,-0.325565412818916,27.9
586,1,11,0.284750431041845,72.5
586,1,12,0.463778167007088,77.9
586,1,13,-3.31023342328239,0.6
586,1,14,-0.41522885911498,26.4
586,1,15,-0.689844956560555,19.2
586,1,16,-0.280892188619833,33.5
586,1,17,NaN,NaN
586,1,18,-0.380486607779247,28.7
586,1,19,1.36887688422013,91.7
586,1,20,-0.0758013519683958,43.9
586,1,21,-0.277197802072698,31.3
586,1,22,0.289132137671679,68.8
586,1,23,-1.34841896758462,7
586,1,24,0.338639667440283,75.6
586,1,25,4.03420778635419,99.9
586,2,1,-2.894415004875,0.6
586,2,2,-0.780573736040293,14.3
586,2,3,2.03026926701005,96.5
586,2,4,NaN,NaN
586,2,5,-0.382981272319402,29.1
586,2,6,1.57666618553299,93.7
586,2,7,-0.58424852155126,20.9
586,2,8,-0.306470403192452,29
586,2,9,0.748452276281629,85.3
586,2,10,12.2666530692372,100
586,2,11,0.872691863416559,86.2
586,2,12,-0.0270736313718027,65.1
586,2,13,1.26386953717986,91.2
586,2,14,4.34797092765831,100
586,2,15,-2.00189169493091,3.2
586,2,16,2.12094206894586,96.8
586,2,17,4.95865732507322,100
586,2,18,4.03404303239884,99.8
586,2,19,0.322246121827462,73.5
586,2,20,1.70636277483646,94.5
586,2,21,-2.80354032846835,0.5
586,2,22,-0.600140635027044,20.2
586,2,23,-4.4547672908372,0
586,2,24,1.71496788902494,96.3
586,2,25,-0.374481492011437,28.7
586,2,26,0.388328114058697,78.1
586,2,27,3.46125608450233,99.3
586,2,28,3.18061127556505,99.2
586,2,29,-0.177447857872154,47.2
586,2,30,0.0440550513559015,57.1
586,3,1,1.66746026974354,95.1
586,3,2,-1.85694837213184,3.3
586,3,3,4.21387084318189,99.5
586,3,4,-0.329502235795252,27.8
586,3,5,-0.133418784285259,39.6
586,3,6,NaN,NaN
586,3,7,0.383971150702346,71.3
586,3,8,-0.284763110410546,32.4
586,3,9,0.291788182157558,67.7
586,3,10,-2.90639397415362,0.5
586,3,11,-4.7977812256157,0
586,3,12,-2.12981613869529,2.4
586,3,13,-0.0147195924919757,48.9
586,3,14,-0.332197693211184,32.4
586,3,15,3.40884551742996,99.8
586,3,16,-0.0283867162579449,56.1
586,3,17,-1.18655010206783,10.5
586,3,18,0.0722934128343405,63.5
586,3,19,0.0657828045089201,54.6
586,3,20,0.12920810799811,57.5
586,3,21,-0.589921441258282,23
586,3,22,-3.5140825707556,0.1
586,3,23,1.10226570517663,89.6
588,1,1,-1.42199800117842,5.4
588,1,2,0.110522264331857,57.9
588,1,3,0.796391604177934,82.3
588,1,4,-0.912148642381269,15.2
588,1,5,-0.282087517853747,34.4
588,1,6,0.692336892476543,81.8
588,1,7,-0.301111413060327,31.7
588,1,8,-0.33261066633912,33.9
588,1,9,-1.11500514506136,10
588,1,10,2.35319214899239,98.7
588,1,11,2.0335570399777,97.2
588,1,12,-0.336442153741803,31.4
588,1,13,1.39877086670479,93.3
588,1,14,-0.0437862362777782,48
588,1,15,0.854648015849715,86.7
588,1,16,0.208829802860082,62.1
588,1,17,0.842586559522359,85.2
588,1,18,-0.0869225511719633,46.1
588,1,19,0.538853736629165,75.5
588,1,20,2.83090570959415,99
588,1,21,-0.0713605654690345,46.9
588,1,22,-1.35516946932833,7.5
588,1,23,-0.571775104161024,25.6
588,1,24,0.576366729274713,74.7
588,1,25,1.4695760788418,94.5
588,1,26,0.561280567353444,73.9
588,1,27,-0.669577504006117,19.3
588,1,28,0.337279691436477,64.9
588,1,29,-0.0875081639556169,46.2
588,1,30,0.936276133960017,86.4
588,1,31,1.1985992296585,90.6
588,1,32,-0.298475480732289,35.5
588,1,33,-1.02855589495028,12.4
588,1,34,0.189451824970641,61.3
588,1,35,-1.09643011461532,10.7
588,1,36,1.12098059153477,90.7
588,2,1,-0.212515780535754,36.7
588,2,2,0.619335345808874,79.5
588,2,3,-1.09799104589477,3.6
588,2,4,0.997864643460434,88.1
588,2,5,0.281535769672478,61.8
588,2,6,0.499817390366147,77.8
588,2,7,-0.0663254478315655,43.9
588,2,8,0.417489555203322,72.4
588,2,9,0.668286689191608,80
588,2,10,1.39287892837954,92.3
588,2,11,-1.68556450980483,5.2
588,2,12,-1.00059094857661,11.7
588,2,13,-4.10069496250903,0.1
588,2,14,0.0762119774739429,55
588,2,15,-2.83753213688449,0.7
588,2,16,-0.548870218479952,23.3
588,2,17,-0.518988576310104,24.5
588,2,18,-0.92687944931622,12.7
588,2,19,-0.231364590759352,34.1
588,2,20,-0.208204156323004,37.8
588,2,21,-2.75586459258873,0.8
588,2,22,-0.13731950335322,40.3
588,2,23,-1.33429208542606,7.6
588,2,24,-1.55756688129278,6.2
588,2,25,-2.46566849097026,1.2
588,2,26,-4.23131200231301,0
588,2,27,1.49248803377851,94.2
588,2,28,4.12405986747813,99.8
588,2,29,-1.35767191544592,7.5
588,2,30,0.0943314263957025,56.8
588,2,31,-0.193886862166521,37.3
588,2,32,-1.29176995971379,8.6
588,2,33,0.599704783899615,77.7
588,2,34,-4.4678757685846,0.1
588,2,35,-0.443526724004804,27.8
588,2,36,-0.136504394600794,39.6
588,2,37,-0.450411794211181,29.1
588,2,38,-1.2501709750987,9.5
588,2,39,-0.0014465887364902,49.5
588,2,40,1.4346872648313,93.6
588,2,41,2.88993799706576,99.6
588,2,42,-0.194378271592711,36.6
588,2,43,1.33310195695528,92.9
588,2,44,1.74242620324678,95.7
588,2,45,-0.649776552773192,21.6
588,2,46,1.2393318078934,91.8
588,2,47,-1.31681220312283,8
588,2,48,-0.241721598273777,36.2
588,2,49,0.50903273964678,74.5
588,3,1,0.179020191758394,63.7
588,3,2,0.152973104446727,66.1
588,3,3,3.0444365375652,99.2
588,3,4,-0.0939255278561126,53.7
588,3,5,2.67301121865101,98.9
588,3,6,0.842785070523752,85.6
588,3,7,-0.11627267074669,41.4
588,3,8,0.659942236951602,82.5
588,3,9,NaN,NaN
588,3,10,-1.0395182321948,11.7
588,3,11,-0.353923977831745,26.9
588,3,12,-0.233306572301903,35.4
588,3,13,-0.369335457199236,24.7
588,3,14,-0.233821001395649,38.4
588,3,15,0.0783604455504549,58.8
588,3,16,0.00595342079036644,53.8
588,3,17,1.95174179744658,96.4
588,3,18,-0.266804101690242,27.6
588,3,19,1.22000199509447,92.2
588,3,20,0.274250827993901,71.3
588,3,21,0.398359123182247,74.5
588,3,22,-1.30849512344664,7.2
588,3,23,-0.394985692685746,27.2
588,3,24,-0.380941846930506,28
588,3,25,0.943406002191081,87.6
588,3,26,-1.20174840515499,8.8
588,3,27,0.758923368374229,83.5
588,3,28,0.38780359196764,71.6
588,3,29,0.17515303277645,59.3
588,3,30,6.34977617418565,99.9
588,3,31,-0.216041652428729,32.7
588,3,32,0.186520962423941,69.6
588,3,33,3.26652898802467,99.6
588,3,34,-2.44653986391217,1.5
588,3,35,0.369366191499239,71.7
588,3,36,0.931087850405599,87.7
588,3,37,0.508469720157035,78.2
588,3,38,0.994435591659609,89.1
588,3,39,0.645240166052227,82.8
588,3,40,2.79554976902341,98.4
588,3,41,0.0695291747158206,52.9
588,3,42,1.98898850435212,97.3
588,3,43,NaN,NaN
588,3,44,-0.599414015785898,19
588,3,45,1.87131857169757,96
588,3,46,-0.270771799417398,34.9
588,3,47,-1.15600665776843,8.9
588,3,48,-0.0820627520808561,42.9
588,3,49,-0.275597135357827,33.6
588,3,50,2.77615615685618,98.5
588,3,51,-0.261157296178462,34.7
588,3,52,-0.905655870971105,12.6
588,3,53,1.63735588331492,94.7
588,3,54,-1.63125861649084,5.2
588,3,55,-0.437378494876408,29.2
588,3,56,-0.102400486531232,41.4
588,3,57,0.213439051795075,68.2
588,3,58,1.50729158452033,94
598,1,1,-0.00638774522555045,51.2
598,1,2,0.199369677036537,62.4
598,1,3,-0.311398116099968,29
598,1,4,-0.0131487997398056,55.4
598,1,5,-0.0656532520102216,69.9
598,1,6,0.5496144665737,73.7
598,1,7,1.40402705681001,93.6
598,1,8,-0.585074384502385,19.4
598,1,9,-0.990369123074687,18.3
598,1,10,-0.871495015615028,19.8
598,1,11,-0.533298328289397,30.6
598,1,12,-0.957134478192878,15.8
598,1,13,1.73584014676597,96.4
598,1,14,1.18989772887027,90.3
598,1,15,-0.19080150591108,42
598,1,16,-0.221181555815493,41.3
598,1,17,0.0359339320191833,51.8
598,1,18,0.418763446193192,66.4
598,1,19,-0.418705721471049,32.7
598,1,20,-1.14145268345186,12.2
598,1,21,-1.09441579640698,14.4
598,1,22,-0.253380632388168,39.9
598,1,23,-0.0626027976264953,49
598,1,24,0.235112628204513,67.3
598,1,25,-0.401323393989658,32.6
598,1,26,-0.0475305695608655,48
598,1,27,0.0261842375023195,52.6
598,1,28,-1.24848141123646,11.7
598,1,29,-0.901941818199046,10.1
598,1,30,1.16311179719456,88.3
598,1,31,1.42943306370182,92.8
598,1,32,-0.123615489523407,43
598,1,33,-0.558967888949199,29.3
598,1,34,-0.452284957735407,30.2
598,1,35,0.997139852716451,85
598,1,36,-1.11454742971005,5.3
598,1,37,-0.273911180966886,39.9
598,1,38,-0.381799968791521,26.5
598,1,39,-1.45132892891589,6.4
598,1,40,0.437571061755914,68.7
598,1,41,-0.101804922828466,46.7
598,1,42,-1.76365626300891,3.3
598,1,43,0.573070806678754,75.5
598,1,44,-0.135298027834545,45.1
598,1,45,0.813997967114554,81.4
598,1,46,-0.450773366621135,32.8
598,1,47,2.16317078170333,95.3
598,2,1,0.638489477057983,76.6
598,2,2,-0.384467087268263,30.3
598,2,3,0.606687658350946,86.5
598,2,4,0.944596104049238,85.5
598,2,5,-0.402313525443269,33.2
598,2,6,NaN,NaN
598,2,7,NaN,NaN
598,2,8,-0.0101533797375975,79.7
598,2,9,-0.635879454261571,7.3
598,2,10,-0.433897240997597,26.2
598,2,11,-0.260974635215319,40.7
598,2,12,-0.0273457729187258,59.5
598,2,13,-0.966887535865674,1
598,2,14,0.692644987982096,85.1
598,2,15,0.0286798078059857,59.9
598,2,16,0.384618009416933,80.4
598,2,17,-0.0886871053991668,47.8
598,2,18,-0.112601474427235,47
598,2,19,-0.703314257527896,21.9
598,2,20,-0.186287509338544,54.2
598,2,21,-0.476378813339184,17.6
598,2,22,0.00157682943894104,53.9
598,2,23,-0.241849253588142,37.5
598,2,24,-0.603588658548044,15.5
598,2,25,0.0732155636506717,58.4
598,2,26,-1.44501249251745,4.8
598,2,27,-1.2909467749755,7
598,2,28,-0.083975127920362,51.5
598,2,29,1.14798918589441,87.8
598,2,30,-0.144289576971325,45.4
598,2,31,-1.64597262141935,0.5
598,2,32,0.226515646147589,60.5
598,2,33,NaN,NaN
598,2,34,-0.989020316167132,14.5
598,2,35,-1.11384536325875,13.3
598,2,36,-0.503050408002321,14.1
598,2,37,0.911941112388558,94.7
598,2,38,0.172931085407847,67.9
598,2,39,-1.85887429765773,2
598,2,40,-0.316756354395787,36.5
598,2,41,-0.382612953494777,30.9
598,2,42,-0.166181403704391,42.7
598,2,43,-0.37790840475035,17.6
598,2,44,-1.44778281865991,1.8
598,2,45,3.34489883554022,96.6
598,3,1,-0.0746669765481194,37.7
598,3,2,0.189587298817598,80.2
598,3,3,-0.369087897927687,34.1
598,3,4,0.00970467712043068,66.6
598,3,5,1.17182332002395,96.3
598,3,6,-1.00348880204718,8.3
598,3,7,0.443856654802239,84.4
598,3,8,0.20071775166345,73.8
598,3,9,-0.752989405204434,15.9
598,3,10,0.137863594933989,74.1
598,3,11,2.43383838863086,98.1
598,3,12,-0.583416653047646,19.3
598,3,13,0.0394412610920785,62.2
598,3,14,-1.30563369794426,4.9
598,3,15,-0.259773069322737,33.2
598,3,16,-0.157363700470027,41.5
598,3,17,0.419207372583625,80.6
598,3,18,-0.0173113767478274,55.9
598,3,19,1.23115598027895,93.2
598,3,20,0.427062171250484,74.8
598,3,21,0.00839472398229215,52
598,3,22,0.792728845624681,86.7
598,3,23,1.66701945251924,95.3
598,3,24,2.18838739986692,97.5
598,3,25,0.520042612868243,78.1
598,3,26,0.00796182835605094,62.4
598,3,27,0.455405222460314,82.1
598,3,28,0.212195712353905,73
598,3,29,0.80082461784214,88.2
598,3,30,-0.0239296394617921,45.9
598,3,31,-0.621400751206242,19.4
598,3,32,-0.569821231551506,10.7
598,3,33,-0.896131347212742,4.7
598,3,34,15.3797341765069,100
598,3,35,-0.193915253807814,62.3
598,3,36,-0.330704530769246,27.1
598,3,37,0.424201936354934,77.6
598,3,38,-0.158164656751363,39.4
598,3,39,0.0597742889178919,64.5
598,3,40,-1.31691767518097,1.9
599,1,1,-0.0274571442153517,52.4
599,1,2,-0.163010077559778,59.7
599,1,3,-0.598473841445365,11.9
599,1,4,-0.208412212340674,39.1
599,1,5,0.611836998536077,79.5
599,1,6,0.26590140741489,65.8
599,1,7,-0.254490542526651,38.1
599,1,8,1.16549881612632,91.2
599,1,9,-0.185898981833664,43.1
599,1,10,1.36862129195591,97.5
599,1,11,-1.82261721222633,2.8
599,1,12,0.0414742825232809,58.1
599,1,13,1.57764904343042,95.2
599,1,14,2.12705289647949,92.4
599,1,15,-0.0149824957207213,62
599,1,16,0.0364268798318565,53.2
599,1,17,-0.986429350737649,4
599,1,18,-0.498974135663183,26.1
599,1,19,0.405509596410946,67.6
599,1,20,-0.711993195670229,20.7
599,1,21,1.343634686467,92.5
599,1,22,0.53154203891262,74
599,1,23,-0.00262259356077497,51.5
599,1,24,-0.0779725140478727,54.1
599,1,25,3.46760195276265,99.8
599,1,26,0.0498957465333812,52.7
599,1,27,-0.293465769906744,35
599,1,28,-0.136888726527113,48.1
599,1,29,0.166577721695226,58.8
599,1,30,-0.250043107264122,36.3
599,1,31,0.419846150949994,68.7
599,1,32,-0.68991010901413,24.4
599,1,33,-1.07315169457857,13.6
599,1,34,0.207639811707194,58.1
599,1,35,1.78273993271845,96.3
599,1,36,0.478186166880079,81.2
599,1,37,2.16287179857765,97.7
599,2,1,1.15845109605753,97.2
599,2,2,0.309658860005829,64.8
599,2,3,2.23095281572285,97.4
599,2,4,1.36485670514473,91.8
599,2,5,0.306969238455811,64.5
599,2,6,-0.466478011894135,15.4
599,2,7,-1.29135627268419,6.6
599,2,8,0.527532496513441,73
599,2,9,0.0941506294506363,56.5
599,2,10,0.0754869233663606,88.6
599,2,11,0.637623007239893,75
599,2,12,0.702337707073593,74.7
599,2,13,-2.93153524511406,0.1
599,2,14,2.1507803997024,97.8
599,2,15,0.527452727368424,70.2
599,2,16,-0.603039602575479,29.4
599,2,17,0.340514567589191,64.7
599,2,18,-1.24631559591207,7.8
599,2,19,-0.762894982459508,15.2
599,2,20,0.632368669774577,75.6
599,2,21,0.83302369637136,78.2
599,2,22,0.172034056959647,60
599,2,23,-2.45361299287021,0.1
599,2,24,-2.56616157473998,0.4
599,2,25,1.92143905682783,97
599,2,26,0.0455699134452098,55.1
599,2,27,-1.00246738050578,11.2
599,2,28,-0.821987625481985,19.5
599,2,29,-1.23362328126232,8.8
599,2,30,-2.55701648380298,0.3
599,2,31,-1.29604429180831,7.5
599,2,32,-0.680684295869415,27.1
599,2,33,0.494809943726389,78.2
599,2,34,-0.906285525204989,13
599,2,35,-0.106185791146722,57.9
599,2,36,0.303871365746084,65.5
599,2,37,-0.717520937424627,26.1
599,2,38,-0.843447638137191,17.1
599,3,1,0.837421186181595,88.3
599,3,2,-0.796506573105713,2
599,3,3,5.21012386358529,100
599,3,4,0.155301832915397,63.2
599,3,5,-0.427782524114106,22.3
599,3,6,0.94060562160308,90.5
599,3,7,3.05285258264893,98.2
599,3,8,2.72500761960243,98.1
599,3,9,-0.363298961368375,32.1
599,3,10,1.64181918937328,94.3
599,3,11,0.252581837778727,65.3
599,3,12,0.849123387556288,89.6
599,3,13,0.462760006741282,81.2
599,3,14,-0.0085780657266749,51.4
599,3,15,0.332597777193431,77.4
599,3,16,2.97828041124638,98.6
599,3,17,0.464194532057265,84.8
599,3,18,-0.757189380771801,12
599,3,19,0.535638397790915,82.9
599,3,20,-0.854974685671319,10.9
599,3,21,0.0990113185421833,56.6
599,3,22,5.37644599756221,99.9
599,3,23,0.117631125942176,60.2
599,3,24,0.107209813092678,57.8
599,3,25,2.87577236846855,98.5
599,3,26,-0.394325289161712,27.2
599,3,27,-0.14882748331598,37.5
599,3,28,-0.0743128158983719,41.6
599,3,29,-7.49243039999289,0
