Animal,Epoch,Cell,Dev_Ptnr_post,Pval_Ptnr_post
440,1,1,-0.634173652,19.6
440,1,2,0.95328913,87
440,1,3,0.708796402,81.9
440,1,4,-0.563806162,24.3
440,1,5,3.739731779,99.5
440,1,6,0.424734044,72.8
440,1,7,1.235063591,95.1
440,1,8,-1.060552473,6.2
440,1,9,3.156521749,98.8
440,1,10,-0.186807966,41.7
440,1,11,3.765768214,99.3
440,1,12,2.87563141,98.7
440,1,13,-0.203785159,45.1
440,1,14,0.901682314,85.3
440,1,15,2.012207811,95.8
440,1,16,-0.223372734,37.7
440,1,17,2.222158821,97.1
440,1,18,8.289653943,99.9
440,1,19,1.036141171,90.8
440,1,20,1.677578781,95.6
440,1,21,-0.108205305,44
440,1,22,-0.493802558,25.5
440,1,23,-0.300578948,31.4
440,1,24,0.47976138,80.6
440,1,25,0.904669306,83.3
440,1,26,0.004388016,53.5
440,1,27,-1.810812821,3.2
440,1,28,2.668174213,99.1
440,1,29,NaN,NaN
440,1,30,1.247847338,91.4
440,1,31,1.391959304,94.7
440,1,32,2.695207985,97.9
440,1,33,0.677559264,86.1
440,1,34,-0.760446124,14.7
440,1,35,4.500950778,99.4
440,1,36,4.806158175,99.8
440,1,37,-0.193641112,37.5
440,1,38,0.280864263,68.2
440,1,39,NaN,NaN
440,1,40,1.167038245,90
440,1,41,0.413586749,69.9
440,1,42,-0.048995953,47
440,1,43,-0.312540339,35.9
440,1,44,-0.757192028,15.5
440,2,1,0.775139278,85.1
440,2,2,-1.363883564,1.8
440,2,3,0.016814508,50.8
440,2,4,-6.810029029,0
440,2,5,2.471886157,99.2
440,2,6,0.035012659,48.8
440,2,7,3.076437862,99.6
440,2,8,5.612666549,99.7
440,2,9,1.884305498,98.2
440,2,10,0.643552448,92.6
440,2,11,0.187528895,55
440,2,12,0.259328519,58.8
440,2,13,-0.295478255,37.7
440,2,14,0.155682591,56.8
440,2,15,-0.578043812,26.7
440,2,16,0.873857435,81.8
440,2,17,19.62604942,100
440,2,18,0.467312406,67.7
440,2,19,-0.265347388,37
440,2,20,0.094406412,60
440,2,21,-0.317719499,36.7
440,2,22,-0.281856649,23
440,2,23,1.069641459,86.7
440,2,24,-1.416177749,7.8
440,3,1,NaN,NaN
440,3,2,NaN,NaN
440,3,3,-0.52232686,13.5
440,3,4,-0.055409842,51.2
440,3,5,-0.065467095,47.7
440,3,6,NaN,NaN
440,3,7,NaN,NaN
440,3,8,0.04164413,79.2
440,3,9,0.020054866,75.3
440,3,10,NaN,NaN
440,3,11,NaN,NaN
440,3,12,-0.120168215,32.3
440,3,13,NaN,NaN
440,3,14,-0.102443087,59.8
445,1,1,-0.26318263,29.8
445,1,2,-0.011147917,55.4
445,1,3,-0.027627495,45.3
445,1,4,-2.887565659,0.7
445,1,5,-0.001884853,65.6
445,1,6,-1.220575368,7.8
445,1,7,-0.307840762,29.9
445,1,8,NaN,NaN
445,1,9,-3.02713012,0.1
445,1,10,1.58275335,96.3
445,1,11,-0.605058355,15.6
445,1,12,-0.696558574,14.1
445,1,13,1.276343392,92.2
445,1,14,1.095263829,91.3
445,1,15,-0.870708857,8.5
445,1,16,-0.210091444,43.4
445,1,17,-0.854343949,9.9
445,1,18,0.361279451,85.1
445,1,19,-0.168290078,43.4
445,1,20,NaN,NaN
445,1,21,2.869948303,97.8
445,1,22,-1.81751799,3.7
445,1,23,NaN,NaN
445,1,24,-0.497496085,20.8
445,1,25,-0.296599444,25.9
445,1,26,-0.400601449,18.5
445,1,27,0.3229602,78.4
445,1,28,0.990279066,92.1
445,1,29,1.680759499,95.5
445,1,30,0.038300508,52
445,1,31,-0.67108235,15.5
445,1,32,1.549246247,94
445,1,33,0.006722519,38.6
445,1,34,-0.171341634,24.5
445,1,35,-0.041679261,59.8
445,1,36,-0.733179865,13.7
445,1,37,-0.166184187,35.8
445,1,38,-0.265626599,23.6
445,1,39,-0.529547244,16.9
445,1,40,-0.025434149,59.8
445,1,41,-1.739239937,4.4
445,1,42,-2.288199315,1.9
445,1,43,0.116476033,65.9
445,1,44,1.145335889,93.9
445,1,45,-1.015215769,9.8
445,1,46,-0.148246359,56
445,1,47,0.097504768,69.3
445,1,48,3.118628166,98.4
445,1,49,-1.380435032,5.5
445,2,1,0.014589184,44.6
445,2,2,-0.042515979,43.1
445,2,3,-0.872636615,14.4
445,2,4,-0.158127246,38.1
445,2,5,-0.182506026,29.2
445,2,6,1.322177898,92.1
445,2,7,-0.439704508,23.8
445,2,8,-0.015674942,43.5
445,2,9,-0.048861827,36.6
445,2,10,0.247133652,71.5
445,2,11,-1.916719661,3.9
445,2,12,2.614866355,98.4
445,2,13,-2.050160445,3
445,2,14,-1.292578995,7.6
445,2,15,0.181893087,54.7
445,2,16,0.152808042,62.8
445,2,17,-0.201831743,27.9
445,2,18,0.036208164,50.6
445,2,19,-0.245935041,23.2
445,2,20,-3.987535322,0.6
445,2,21,0.486070662,79.1
445,2,22,1.246186844,92.9
445,2,23,0.137914894,45.9
445,2,24,3.805181055,99.3
445,2,25,-0.073517371,32.5
445,2,26,1.227528928,94
445,2,27,-0.119175633,31.3
445,2,28,4.12759592,99.6
445,2,29,-4.164548914,0.7
445,2,30,1.394331226,95.8
445,2,31,0.244066755,73.7
445,2,32,-1.377935854,8
445,2,33,-0.764942596,14.1
445,2,34,0.387275592,74.2
445,2,35,3.107632592,98.6
445,2,36,0.055998992,47.9
445,2,37,0.091171096,51.2
445,2,38,0.283951364,63.1
445,2,39,0.516254104,85.8
445,2,40,2.03243664,98
445,2,41,0.25068582,69.3
445,2,42,0.916792398,91.9
445,2,43,0.195156504,70.9
445,3,1,NaN,NaN
445,3,2,-0.154566211,44.9
445,3,3,NaN,NaN
445,3,4,0.090030047,65.6
445,3,5,0.717432723,82.1
445,3,6,-0.182884716,45.7
445,3,7,-0.447988698,29.4
445,3,8,2.367305581,97.3
445,3,9,-0.19757739,40
445,3,10,NaN,NaN
445,3,11,0.591489136,83.5
445,3,12,1.006434347,88.2
445,3,13,-0.558282817,22.2
445,3,14,NaN,NaN
445,3,15,1.033355384,89.3
445,3,16,1.614665581,94.2
445,3,17,NaN,NaN
445,3,18,-1.101424134,4.4
445,3,19,0.400089355,74.2
445,3,20,-0.240189035,41.9
445,3,21,4.83616706,99.8
445,3,22,-0.301292714,41.1
445,3,23,-0.065170429,50.9
445,3,24,-0.274437393,42
445,3,25,NaN,NaN
445,3,26,-0.637118145,20.5
445,3,27,NaN,NaN
445,3,28,-2.211002729,1.1
445,3,29,-0.057116555,57
445,3,30,0.161600893,70.4
445,3,31,-0.154192538,47.5
445,3,32,2.40790308,98
451,1,1,-0.109851131,67.3
451,1,2,-0.448527852,33.2
451,1,3,-0.305394781,45.9
451,1,4,0.021988926,64.7
451,1,5,0.188619199,77.3
451,1,6,-0.051385862,62.2
451,1,7,-0.924805113,2.9
451,1,8,-0.168239078,58.2
451,1,9,-0.775659437,8.3
451,1,10,-1.230099018,6.3
451,1,11,0.245991984,73.7
451,1,12,-0.445007721,28
451,1,13,-0.209132282,50.3
451,1,14,NaN,NaN
451,1,15,-0.457763666,25.2
451,1,16,-0.354503564,27.1
451,1,17,0.272688692,84.4
451,1,18,-0.110956679,58.6
451,1,19,0.924393866,91.3
451,1,20,-1.670194155,1.5
451,1,21,0.865444967,87.5
451,1,22,-0.204684439,42.2
451,1,23,-1.044128554,4
451,1,24,-0.443538696,18.5
451,1,25,0.582489485,85.6
451,1,26,-1.013837135,3.4
451,1,27,-1.274516159,3.1
451,1,28,-2.462318412,0.3
451,1,29,-0.123237676,54.2
451,1,30,0.425687685,86.7
451,1,31,-0.072914197,71.3
451,1,32,-0.104911866,55.2
451,1,33,0.051127606,62.3
451,1,34,0.463491762,82.6
451,1,35,-0.246988433,57.5
451,1,36,-0.546222383,25.6
451,1,37,-0.181843547,48.6
451,1,38,-0.787975709,13.6
451,1,39,-0.495269554,28.1
451,1,40,0.607290278,82.5
451,1,41,-0.132493229,56.7
451,1,42,-1.215494279,1
451,1,43,-0.883556644,5.4
451,1,44,-0.400957202,21.7
451,1,45,0.177879076,80
451,1,46,2.00319849,96.1
451,1,47,-1.418364657,4.5
451,1,48,-0.14870674,50.5
451,1,49,0.164921464,73.2
451,1,50,-0.183384392,54.1
451,1,51,-0.769118224,14.4
451,1,52,-0.111906677,67.9
451,1,53,0.232639509,82.4
451,1,54,0.052824992,64.4
451,1,55,-0.844042309,8.6
451,1,56,0.287005378,73
451,2,1,-0.105661371,45.2
451,2,2,NaN,NaN
451,2,3,-1.164997428,7.3
451,2,4,-0.084115377,47.6
451,2,5,-0.355273344,19.3
451,2,6,NaN,NaN
451,2,7,0.400005092,81.9
451,2,8,-0.443783318,13
451,2,9,-0.061913635,51.6
451,2,10,-0.096622786,47.8
451,2,11,1.810309034,95.9
451,2,12,NaN,NaN
451,2,13,-0.702391065,11.6
451,2,14,-0.380881149,25.2
451,2,15,2.398574456,97.6
451,2,16,-0.017561963,52.8
451,2,17,-0.048910299,45.5
451,2,18,NaN,NaN
451,2,19,-0.376580134,23.1
451,2,20,0.004762166,51.8
451,2,21,1.369093429,93.6
451,2,22,2.285878979,98.1
451,2,23,-0.711018839,16.6
451,2,24,0.015232501,50.6
451,2,25,-1.599521494,3
451,2,26,-1.293150643,5.4
451,2,27,-0.685796882,14
451,2,28,1.555431957,94.2
451,2,29,-0.473583568,12.5
451,2,30,-0.339852577,27.4
451,2,31,-0.351801609,26.2
451,2,32,-0.118110086,37.2
451,2,33,-1.374432953,4.6
451,2,34,1.142034104,93.2
451,2,35,-1.145166106,8.4
451,2,36,0.918399062,90.3
451,3,1,NaN,NaN
451,3,2,-0.073351949,45.7
451,3,3,-0.065369714,74.9
451,3,4,-0.348531311,21.7
451,3,5,-0.546675262,16.9
451,3,6,NaN,NaN
451,3,7,-0.493068022,12.2
451,3,8,-0.120763512,47.6
451,3,9,-0.199058158,67.1
451,3,10,-0.056694198,77.1
451,3,11,-0.976567704,2.5
451,3,12,0.36150603,87.6
451,3,13,-0.425119449,26
451,3,14,-0.552373686,13.9
451,3,15,-0.219230201,50.3
451,3,16,-0.216426598,23.9
451,3,17,-0.104935531,58.2
451,3,18,0.340069206,82.6
451,3,19,NaN,NaN
451,3,20,NaN,NaN
451,3,21,-0.801027826,5.1
451,3,22,NaN,NaN
451,3,23,-0.87229524,2.3
451,3,24,-0.831950299,7.6
451,3,25,-0.665374271,13.4
451,3,26,-0.692170396,8.8
451,3,27,NaN,NaN
451,3,28,-0.494752672,13.9
451,3,29,1.989569705,93.6
451,3,30,0.293420427,76.5
451,3,31,-0.397562303,28.1
451,3,32,-0.593942711,16
451,3,33,-0.7073884,4.2
451,3,34,0.235524209,74.1
451,3,35,-0.728401699,4.1
451,3,36,0.695472255,89.5
451,3,37,-0.209471728,39.9
451,3,38,0.030175116,79.1
451,3,39,-0.774946595,6.8
451,3,40,-0.311704539,28.7
451,3,41,0.131338635,67.9
451,3,42,-0.695788578,5
451,3,43,4.073263815,97.5
451,3,44,-0.224725964,34
485,1,1,0.567544122,78.3
485,1,2,1.710423244,95.6
485,1,3,-0.835319658,14.1
485,1,4,-0.226459024,39.3
485,1,5,0.342282493,71.3
485,1,6,0.616537209,80.5
485,1,7,-6.107509792,0
485,1,8,1.099913301,89.4
485,1,9,0.504482419,80.2
485,1,10,0.370925425,72.1
485,1,11,2.464083848,97.7
485,1,12,3.147100869,99.6
485,1,13,-0.244048216,38.3
485,1,14,-0.684681375,17.9
485,1,15,-1.620055414,3.8
485,1,16,0.497700986,74.3
485,1,17,3.324162304,99.4
485,1,18,-0.090219162,46.9
485,1,19,-0.1504579,43.8
485,1,20,1.518071073,94.1
485,1,21,-3.918139243,0
485,1,22,-0.57899593,20.5
485,1,23,-0.024128253,54.6
485,1,24,0.477062463,76.9
485,1,25,-0.800164073,15.9
485,1,26,-2.560389886,0.6
485,1,27,-2.45100155,0.7
485,1,28,-1.427511559,5.3
485,1,29,-0.379445276,31.8
485,1,30,0.993243485,85.8
485,1,31,3.617568258,99.4
485,1,32,0.937076668,86.8
485,1,33,-0.327406681,32
485,1,34,-0.145177952,43.6
485,1,35,-0.051186986,54.5
485,1,36,2.261071311,96.9
485,1,37,-1.934874222,2.7
485,1,38,-1.703820415,3.7
485,2,1,NaN,NaN
485,2,2,NaN,NaN
485,2,3,6.815045182,99.8
485,2,4,-0.344859983,17.1
485,2,5,-0.300141916,17.6
485,2,6,0.019791484,64.9
485,2,7,-0.378851874,37.6
485,2,8,-0.475817646,13.6
485,2,9,-0.41223978,34.4
485,2,10,-0.166216837,19.7
485,2,11,-6.484451516,0.2
485,2,12,4.889414191,99.6
485,2,13,1.400649581,95.6
485,2,14,-0.387626625,20.6
485,2,15,5.446058148,99.7
485,2,16,-0.205032786,18.4
485,2,17,-14.88499818,0
485,2,18,6.048517141,99.7
485,2,19,-7.361871393,0.1
485,2,20,-0.802692631,8.2
485,2,21,0.212938709,80.1
485,2,22,27.52319022,100
485,2,23,0.48386788,87.9
485,2,24,2.367380434,97.7
485,2,25,2.00665223,96.2
485,2,26,-4.298055902,0.1
485,2,27,-13.14199357,0
485,2,28,7.653631459,100
485,2,29,2.435224767,98.3
485,2,30,0.02039234,54.3
485,2,31,-0.926969655,11.8
485,2,32,1.863024565,97.6
485,2,33,-0.777419185,9.4
485,2,34,3.237976973,98.7
485,2,35,-0.858653922,6.6
485,2,36,-0.216519729,42.4
485,2,37,-11.63004487,0.1
485,2,38,1.293728729,95.1
485,2,39,1.585056343,96.9
485,2,40,2.190951706,97.1
485,2,41,-5.102643797,0.2
485,3,1,-0.075140894,57.3
485,3,2,-10.9306816,0
485,3,3,-0.270132606,58.1
485,3,4,0.610689257,90.3
485,3,5,0.068365122,66.1
485,3,6,0.402833495,87.4
485,3,7,-1.640336961,3.5
485,3,8,-0.573360264,43.6
485,3,9,-0.530590905,47.4
485,3,10,1.47340168,97.3
485,3,11,-0.135614743,55.4
485,3,12,1.980413225,96.8
485,3,13,7.571853614,100
485,3,14,-0.439269998,54
485,3,15,-0.551831245,33.2
485,3,16,-3.137463704,1
485,3,17,-0.372810674,50
485,3,18,-11.86790309,0
485,3,19,0.365587945,72.3
485,3,20,0.932810581,84.9
485,3,21,-0.677627579,17.4
485,3,22,-7.455594767,0
485,3,23,-0.507404683,10.5
485,3,24,-2.995309571,1.3
485,3,25,-3.974429472,0.3
485,3,26,-0.011809628,66.1
485,3,27,-0.571760124,44
485,3,28,-10.94118738,0
487,1,1,-0.353907491,26.2
487,1,2,NaN,NaN
487,1,3,NaN,NaN
487,1,4,-0.507797432,23.1
487,1,5,-0.259520563,58.9
487,1,6,-0.176608902,50.5
487,1,7,-0.658344915,5.9
487,1,8,-0.281010231,41.3
487,1,9,3.945441242,99.4
487,1,10,NaN,NaN
487,1,11,0.835199126,92.7
487,1,12,NaN,NaN
487,1,13,-0.475390632,31.3
487,1,14,-0.560539859,17.3
487,1,15,-0.693165715,10.5
487,1,16,-0.515348499,16.7
487,1,17,NaN,NaN
487,1,18,-0.354350753,27.5
487,1,19,0.041012795,70.4
487,1,20,-0.236535009,45.5
487,1,21,NaN,NaN
487,1,22,-0.050975766,58.3
487,1,23,3.433219916,97.9
487,2,1,NaN,NaN
487,2,2,NaN,NaN
487,2,3,NaN,NaN
487,2,4,NaN,0
487,2,5,NaN,0
487,2,6,NaN,0
487,2,7,NaN,NaN
487,2,8,NaN,0
487,2,9,NaN,56.6
487,2,10,NaN,65.3
487,2,11,NaN,0
487,2,12,NaN,55.2
487,2,13,NaN,0
487,2,14,NaN,0
487,2,15,NaN,0
487,2,16,NaN,0
487,2,17,NaN,0
487,2,18,NaN,4.4
487,2,19,NaN,0
487,2,20,NaN,38.2
487,2,21,NaN,0
487,2,22,NaN,1.8
487,2,23,NaN,0
487,2,24,NaN,0
487,2,25,NaN,0
487,2,26,NaN,0
487,2,27,NaN,NaN
487,2,28,NaN,11.5
487,2,29,NaN,0.5
487,2,30,NaN,1.3
487,2,31,NaN,0
487,2,32,NaN,0
487,2,33,NaN,0
487,2,34,NaN,13.4
487,3,1,-0.178612037,49
487,3,2,NaN,NaN
487,3,3,-0.186781775,62.7
487,3,4,-0.179886296,47.8
487,3,5,0.998725178,92.7
487,3,6,3.452991511,98.4
487,3,7,NaN,NaN
487,3,8,-0.020033081,73.4
487,3,9,0.840995651,89.2
487,3,10,-0.220305868,41
487,3,11,-0.192124103,47.2
487,3,12,1.412346773,92.6
487,3,13,-0.44428092,25.7
487,3,14,-0.145461803,59.1
487,3,15,NaN,NaN
487,3,16,NaN,NaN
487,3,17,-0.134643049,59.9
487,3,18,-0.303544802,37
487,3,19,-0.292190616,40.6
487,3,20,-0.580239662,24.1
487,3,21,0.105240609,60.5
487,3,22,-1.335323412,3.2
487,3,23,-0.151728764,58.6
487,3,24,0.472567879,88.3
487,3,25,-0.120906941,53.2
487,3,26,NaN,NaN
487,3,27,0.350105186,72.6
487,3,28,-0.428863942,16.4
487,3,29,-0.253952549,40.5
487,3,30,-0.288083528,29.6
487,3,31,-0.291156505,22.7
487,3,32,0.724683155,88.2
487,3,33,1.018549682,93.4
487,3,34,0.513144907,84.9
487,3,35,5.209333387,99.5
487,3,36,-0.312887291,20.9
532,1,1,0.444715594,88.8
532,1,2,-0.096376881,50.8
532,1,3,4.755871437,98.9
532,1,4,NaN,NaN
532,1,5,NaN,NaN
532,1,6,1.754361414,97.2
532,1,7,0.382840558,76.9
532,1,8,6.318562291,99.8
532,1,9,-1.350743246,3.7
532,1,10,0.182618388,64
532,1,11,0.674112208,89.9
532,1,12,-0.479656623,17.4
532,1,13,4.497729228,99.8
532,1,14,-0.34884512,31.3
532,1,15,2.240001281,94.4
532,1,16,-0.132901453,48.8
532,1,17,NaN,NaN
532,1,18,0.566877282,86.1
532,1,19,NaN,NaN
532,1,20,1.167566824,88.1
532,2,1,45.62730678,100
532,2,2,4.602591558,98.8
532,2,3,0.732816519,87.3
532,2,4,-0.794807996,13
532,2,5,-1.896348979,2.3
532,2,6,-2.091447411,3.6
532,2,7,4.95290798,99
532,2,8,2.047956483,97.6
532,2,9,-0.344927847,19
532,2,10,0.016881409,38.2
532,2,11,0.171820092,55.3
532,2,12,-5.209519099,0.1
532,2,13,-4.714595152,0.2
532,2,14,-1.498677469,6.4
532,2,15,1.496917035,95.7
532,2,16,-1.882272709,4.1
532,2,17,-1.977943468,3.5
532,2,18,2.409502404,97.9
532,2,19,0.932309009,90.6
532,2,20,1.127894316,94
532,2,21,-1.818628936,4.7
532,2,22,0.062522774,48
532,2,23,2.18838948,97.8
532,2,24,0.793207088,87
532,2,25,1.17875705,95
532,2,26,-7.2179616,0.1
532,3,1,-1.122692581,8.3
532,3,2,1.400895689,97
532,3,3,-0.267991614,39.8
532,3,4,4.341343639,98.3
532,3,5,1.823884898,97.2
532,3,6,-0.163496556,29.3
532,3,7,-0.517577509,18.1
532,3,8,-0.451128784,17.1
532,3,9,-0.434746079,24.9
532,3,10,0.481626332,82.4
532,3,11,-0.415446979,17.8
532,3,12,5.45472095,99.2
532,3,13,-0.379043425,25.8
532,3,14,3.811037676,99.6
532,3,15,0.138365165,70.6
532,3,16,-0.334807215,24.9
532,3,17,-1.252476652,2.5
532,3,18,-0.199110364,31
532,3,19,19.38139247,100
532,3,20,-0.159621412,34.8
532,3,21,-1.688189376,4.1
532,3,22,34.30402838,100
532,3,23,-1.196670708,6.7
532,3,24,2.6364639,99
532,3,25,0.981946517,88.8
532,3,26,4.027416862,99.6
532,3,27,1.480865527,97.4
532,3,28,-1.306324422,3.5
532,3,29,1.377948262,93.4
532,3,30,1.063372461,90.7
532,3,31,3.957083864,99.5
532,3,32,0.18202103,75
532,3,33,0.192482312,67.1
532,3,34,-2.317589466,2.7
532,3,35,-2.258431567,2.1
532,3,36,5.035572317,99.7
532,3,37,-0.400005166,19.3
532,3,38,-2.257049558,2.6
532,3,39,3.151072658,98.2
532,3,40,1.085430588,88.7
532,3,41,-0.133023616,43.8
532,3,42,-0.846826874,10.1
532,3,43,0.750139452,90.2
532,3,44,0.366137917,79
532,3,45,-0.034683375,51.7
532,3,46,62.02584218,100
532,3,47,84.73411578,100
532,3,48,-1.871967867,3.6
532,3,49,-0.169373698,34
532,3,50,-1.372836279,5.3
532,3,51,-1.644956156,4
532,3,52,2.584467042,98.8
535,1,1,-0.464853328,4
535,1,2,1.150358557,90.2
535,1,3,14.81585505,99.9
535,1,4,-0.303971937,36.2
535,1,5,0.4815225,78.1
535,1,6,-0.356910999,38.6
535,1,7,0.310214363,76.5
535,1,8,0.31567163,85.2
535,1,9,-0.262337924,29.4
535,1,10,-0.768726211,16.7
535,1,11,0.294520861,70.3
535,1,12,-0.162014363,63.9
535,1,13,-0.276833651,31.8
535,1,14,0.085494478,63.9
535,1,15,-0.383607661,38.5
535,1,16,0.493759153,89.2
535,1,17,-0.277581618,46.8
535,1,18,0.024566243,79.6
535,1,19,-0.433433086,31.9
535,1,20,-0.468581498,7.3
535,1,21,-1.250033614,5.7
535,1,22,0.41253222,76.8
535,1,23,0.560761477,82.2
535,1,24,-0.506582347,28.3
535,1,25,-0.175827225,50.8
535,1,26,-0.40144912,35.1
535,1,27,2.9476498,98.5
535,1,28,1.304890688,91.3
535,1,29,0.479692108,85.2
535,1,30,-0.250756451,27.7
535,1,31,1.376025761,92.6
535,1,32,0.631426716,83.7
535,1,33,1.21504899,88.5
535,1,34,0.569293396,79
535,1,35,-0.786664374,7.6
535,1,36,-0.067371112,58.8
535,1,37,-0.323142509,43.9
535,1,38,0.006654729,67.7
535,1,39,-0.777008995,10.3
535,1,40,-0.677341835,20.8
535,1,41,-0.242916216,46.4
535,1,42,1.033426339,87.5
535,1,43,0.328135427,70.5
535,1,44,33.81038636,100
535,1,45,-0.164480845,49.5
535,1,46,-0.906803619,9.4
535,1,47,-0.265396244,44.9
535,1,48,1.280083624,96.5
535,1,49,-1.039450656,10.3
535,1,50,-0.683717396,20.5
535,1,51,-0.662280377,9.8
535,1,52,-0.496220026,4.7
535,2,1,0.404316975,91.6
535,2,2,-0.261672272,56.9
535,2,3,-0.325822629,35.7
535,2,4,-0.164736964,68.5
535,2,5,-0.330670501,44
535,2,6,0.059885122,81
535,2,7,0.061210043,81.5
535,2,8,1.534637696,96.2
535,2,9,-0.196330011,19.6
535,2,10,4.865228646,99.1
535,2,11,-0.149725851,66.5
535,2,12,0.383507285,84.7
535,2,13,40.16913743,100
535,2,14,0.104189872,79.1
535,2,15,4.19845247,98.2
535,2,16,-0.154158352,64.3
535,2,17,-0.264170371,25.8
535,2,18,0.640604544,93.7
535,2,19,10.76033454,99.8
535,2,20,4.750562915,99.6
535,2,21,-0.321747545,41.5
535,2,22,-0.173103733,64.8
535,2,23,5.546513386,99.2
535,2,24,-0.265447025,54.4
535,2,25,0.959513791,94.6
535,2,26,-0.281637815,25.2
535,2,27,-0.462751989,9.5
535,2,28,-0.349769859,43.6
535,2,29,1.791126661,97
535,2,30,-0.684456377,7.5
535,2,31,-0.583219025,12
535,2,32,0.095315464,81.7
535,2,33,3.638984797,99.2
535,2,34,-0.540558943,4.2
535,2,35,5.19389464,99.4
535,2,36,5.460462898,99.5
535,2,37,0.611765581,88
535,2,38,0.350566351,84.7
535,2,39,-0.201841516,56.2
535,2,40,2.980742867,98.3
535,2,41,2.496262978,96.9
535,2,42,1.274980145,93.7
535,3,1,-0.540337198,21.2
535,3,2,0.334683366,84.4
535,3,3,-0.252259979,62.8
535,3,4,-0.424738492,32.4
535,3,5,-0.066432875,71.3
535,3,6,-0.556298309,4.3
535,3,7,5.950733703,99
535,3,8,3.034474075,97.8
535,3,9,-0.398212691,28.1
535,3,10,0.022121781,77.9
535,3,11,-0.535908346,9.4
535,3,12,-0.208167243,66.9
535,3,13,0.664076938,89.1
535,3,14,-0.424687203,16.6
535,3,15,4.054136526,98.4
535,3,16,-0.33903466,55.2
535,3,17,-0.485736919,23.6
535,3,18,0.334806079,82.7
535,3,19,0.424108406,84.8
535,3,20,-0.417780014,48.9
535,3,21,-0.796415024,0.7
535,3,22,0.538970443,84.7
535,3,23,-0.430633722,37
535,3,24,-0.465411672,27.8
535,3,25,-0.138755631,71.4
535,3,26,-0.407330816,36.8
535,3,27,-0.260803561,63.8
535,3,28,-0.248413975,67.8
535,3,29,-0.153707011,68.2
535,3,30,10.35683652,99.9
535,3,31,-0.388091623,18.7
535,3,32,-0.563119029,2.7
535,3,33,-0.022531593,72.6
535,3,34,-0.38423409,43.5
535,3,35,-0.143933175,67.1
535,3,36,4.440088246,98.5
535,3,37,-0.58404732,6.2
535,3,38,-0.377455217,41
535,3,39,-0.348617383,40.6
535,3,40,1.472944249,93.4
535,3,41,-0.392585197,30.9
535,3,42,-0.494192896,23.9
535,3,43,-0.454030466,31.1
535,3,44,-0.036288539,71.4
535,3,45,0.011053975,72.8
543,1,1,NaN,NaN
543,1,2,NaN,NaN
543,1,3,1.7171741,96.8
543,1,4,NaN,NaN
543,1,5,0.015241268,57.1
543,1,6,-0.368665685,33.4
543,1,7,-1.803313772,2.6
543,1,8,NaN,NaN
543,1,9,-0.145447291,56.6
543,1,10,-0.497573393,23.6
543,1,11,-0.220531733,49.9
543,1,12,-0.259105491,37.1
543,1,13,0.189027221,72.2
543,1,14,-0.397652913,27.3
543,1,15,-0.747883691,11.2
543,1,16,-0.385263008,29
543,1,17,0.127161502,73.4
543,1,18,-0.632621218,20.9
543,1,19,-0.337322661,29.6
543,1,20,0.29981023,68.4
543,1,21,-0.773410579,12.9
543,1,22,-0.822951007,14.6
543,1,23,0.309229096,81.2
543,1,24,-0.129134408,58.5
543,1,25,-0.258356832,36.5
543,1,26,0.475361863,80.2
543,1,27,0.020505371,60.8
543,1,28,-0.212112671,43.7
543,1,29,-0.31137867,30
543,1,30,0.714853627,82.3
543,1,31,-0.842890822,15.1
543,1,32,-0.470474514,21.1
543,1,33,0.204429649,67.3
543,1,34,-0.335429998,30.5
543,1,35,-0.085655286,62.7
543,1,36,-0.206025331,53.5
543,1,37,-0.328798652,31.1
543,1,38,-1.256814607,7.5
543,1,39,-0.546881071,23.4
543,1,40,-0.912175782,10.1
543,1,41,0.190537406,76.4
543,1,42,-1.047718652,3.4
543,1,43,0.008335935,58.3
543,1,44,0.411992789,77.7
543,1,45,0.229712131,72
543,1,46,-0.308962208,42.3
543,2,1,0.135641513,60.3
543,2,2,0.197884936,63.1
543,2,3,-0.963627627,12.8
543,2,4,-0.303438139,34.1
543,2,5,-0.994507493,12.4
543,2,6,0.157593008,60.6
543,2,7,-0.1201548,44
543,2,8,2.967783888,99
543,2,9,0.104875837,57.2
543,2,10,0.393669678,71
543,2,11,0.214533208,62.2
543,2,12,-0.141477508,44.2
543,2,13,-0.342974087,31.8
543,2,14,0.257139456,66.6
543,2,15,0.1706638,59.4
543,2,16,0.10431799,56.9
543,2,17,-1.607963594,4.5
543,2,18,4.978844841,100
543,2,19,-1.333730791,7.1
543,2,20,1.357063459,92
543,2,21,-1.083496739,11.9
543,2,22,-1.107114204,11.8
543,2,23,-0.025512605,51
543,2,24,0.847109866,82.4
543,2,25,-0.160078129,42.3
543,2,26,0.244400491,64.3
543,2,27,-0.225716332,37.6
543,2,28,-0.101838279,45.1
543,2,29,0.280787158,67.5
543,2,30,-0.24365772,38.8
543,2,31,0.042537008,52.1
543,2,32,-1.742110887,4.1
543,2,33,-1.019669201,12.8
543,2,34,0.649550067,78.1
543,2,35,0.833439348,82.6
543,2,36,0.191546308,61.6
543,2,37,0.157280582,57.5
543,2,38,-0.672427549,20.2
543,2,39,0.116826693,57.2
543,3,1,NaN,NaN
543,3,2,NaN,NaN
543,3,3,NaN,NaN
543,3,4,NaN,NaN
543,3,5,NaN,NaN
543,3,6,NaN,NaN
543,3,7,NaN,NaN
543,3,8,NaN,NaN
543,3,9,NaN,NaN
543,3,10,NaN,NaN
543,3,11,NaN,NaN
543,3,12,NaN,NaN
543,3,13,NaN,NaN
543,3,14,NaN,NaN
543,3,15,NaN,NaN
543,3,16,NaN,NaN
543,3,17,NaN,NaN
543,3,18,NaN,NaN
543,3,19,NaN,NaN
543,3,20,NaN,NaN
546,1,1,0.754013859,86.1
546,1,2,1.47889765,91.8
546,1,3,-0.332551556,51.6
546,1,4,-0.322696716,53.7
546,1,5,2.641308237,93.3
546,1,6,NaN,NaN
546,1,7,NaN,NaN
546,1,8,NaN,NaN
546,1,9,NaN,NaN
546,1,10,1.210533737,88.7
546,1,11,1.272092643,90.7
546,1,12,1.963135284,92.5
546,1,13,NaN,NaN
546,1,14,-0.533832694,8
546,1,15,0.899318411,87.3
546,1,16,NaN,NaN
546,1,17,NaN,NaN
546,1,18,NaN,NaN
546,1,19,NaN,NaN
546,1,20,NaN,NaN
546,1,21,1.14379169,88.7
546,1,22,NaN,NaN
546,1,23,-0.524297183,6.4
546,1,24,NaN,NaN
546,1,25,NaN,NaN
546,1,26,1.249764853,89.5
546,1,27,NaN,NaN
546,1,28,NaN,NaN
546,1,29,NaN,NaN
546,1,30,1.076323686,87.3
546,1,31,NaN,NaN
546,1,32,-0.544606251,8.7
546,1,33,NaN,NaN
546,1,34,1.500043572,92
546,1,35,NaN,NaN
546,1,36,NaN,NaN
546,1,37,1.781315665,93.6
546,1,38,-0.61643418,2.2
546,1,39,NaN,NaN
546,1,40,NaN,NaN
546,1,41,NaN,NaN
546,1,42,NaN,NaN
546,1,43,-0.482901813,3.6
546,1,44,1.616316558,93.3
546,1,45,1.204269663,87.5
546,1,46,-0.541062319,7
546,1,47,NaN,NaN
546,1,48,-0.553564212,5.6
546,1,49,NaN,NaN
546,1,50,NaN,NaN
546,1,51,0.744899287,86.6
546,1,52,NaN,NaN
546,1,53,1.282139687,90.3
546,1,54,NaN,NaN
546,1,55,1.16286759,90.6
546,1,56,4.917450511,99.3
546,1,57,-0.444287663,13
546,1,58,1.488549404,91.9
546,1,59,NaN,NaN
546,2,1,NaN,NaN
546,2,2,NaN,NaN
546,2,3,NaN,NaN
546,2,4,NaN,NaN
546,2,5,NaN,NaN
546,2,6,NaN,NaN
546,2,7,NaN,NaN
546,2,8,NaN,NaN
546,2,9,NaN,NaN
546,2,10,NaN,NaN
546,2,11,NaN,NaN
546,2,12,NaN,NaN
546,2,13,NaN,NaN
546,2,14,NaN,NaN
546,2,15,NaN,NaN
546,2,16,NaN,NaN
546,2,17,NaN,NaN
546,2,18,NaN,NaN
546,2,19,NaN,NaN
546,2,20,NaN,NaN
546,2,21,NaN,NaN
546,2,22,NaN,NaN
546,2,23,NaN,NaN
546,2,24,NaN,NaN
546,2,25,NaN,NaN
546,2,26,NaN,NaN
546,2,27,NaN,NaN
546,2,28,NaN,NaN
546,2,29,NaN,NaN
546,2,30,NaN,NaN
546,2,31,NaN,NaN
546,2,32,NaN,NaN
546,3,1,-4.556755281,0.5
546,3,2,17.97463366,100
546,3,3,0.956950803,91.7
546,3,4,2.087390526,97.4
546,3,5,4.812272455,99.5
546,3,6,0.019862889,56.3
546,3,7,-7.1510508,0
546,3,8,0.204722256,81.2
546,3,9,3.610460773,99.4
546,3,10,-1.054781618,6.5
546,3,11,0.007939757,42.2
546,3,12,-0.090506172,35.7
546,3,13,-0.026450428,38.4
546,3,14,-1.392601817,5.3
546,3,15,-0.104773636,34.6
546,3,16,-0.519232556,4.1
546,3,17,-3.80203132,1.2
546,3,18,0.130723658,75.5
546,3,19,0.889723219,89.9
546,3,20,-0.07870995,18.6
546,3,21,-6.341924645,0.1
546,3,22,-4.492346802,1
546,3,23,0.126829272,65.8
546,3,24,-0.117271487,24.9
546,3,25,-0.928095241,7.3
546,3,26,-0.54255931,15
546,3,27,0.131137509,79.5
546,3,28,2.130411547,97.6
546,3,29,-0.055165366,31.7
546,3,30,-26.88323476,0
546,3,31,-7.089715481,0
546,3,32,-0.036353852,36.5
546,3,33,0.552647926,97.4
546,3,34,0.02773788,60.1
546,3,35,0.668447307,93.6
546,3,36,-0.012617293,43
546,3,37,-1.705452871,5
546,3,38,1.179790965,93.8
546,3,39,0.077116177,65.8
546,3,40,-4.724201744,0.9
546,3,41,1.70739783,96.8
546,3,42,-0.053529771,22.2
546,3,43,37.71316953,100
546,3,44,-0.233055151,11.3
546,3,45,-2.330969162,1.9
546,3,46,-2.585421134,1.7
546,3,47,-0.360786252,20.6
546,3,48,-0.396515596,9.3
546,3,49,-0.38320495,29.1
546,3,50,-0.217902351,6.3
546,3,51,0.15333094,63.6
546,3,52,0.318576538,90.7
557,1,1,-0.217312215,22.9
557,1,2,-1.587294263,5.4
557,1,3,0.881384931,92.8
557,1,4,-0.268144144,25.3
557,1,5,0.121816832,64.7
557,1,6,-3.028142759,1.8
557,1,7,1.066645052,92.3
557,1,8,-0.11943216,31.1
557,1,9,-1.068157825,7.2
557,1,10,-2.867561008,1.3
557,1,11,1.734986925,97.8
557,1,12,0.164126878,71.4
557,1,13,-0.385878095,19.4
557,1,14,0.875793667,93.3
557,1,15,2.629496581,99
557,1,16,-0.412397832,19
557,1,17,-3.38074631,1.3
557,1,18,-11.60644256,0
557,1,19,0.091442631,56.2
557,1,20,4.760831513,99.7
557,1,21,1.348048484,95.6
557,1,22,-0.827925618,10.4
557,1,23,-3.326474093,1.8
557,1,24,-5.386825488,0.1
557,1,25,-0.224285091,23
557,1,26,-5.247343774,0.2
557,1,27,-0.206798573,22.9
557,1,28,7.186992623,100
557,1,29,0.626827047,88.1
557,1,30,-1.692405231,5.6
557,1,31,0.009250236,44.8
557,1,32,4.24463598,99.9
557,1,33,0.988348517,92.2
557,1,34,0.143706579,51.7
557,1,35,-3.231835748,0.9
557,1,36,-0.038670135,39.4
557,1,37,-1.962374267,2.8
557,1,38,1.003229677,91.9
557,1,39,-6.924950427,0.1
557,1,40,-0.388653921,21.8
557,1,41,-1.383169349,6.2
557,1,42,0.438746204,83.3
557,1,43,1.136632426,95.8
557,1,44,-1.279561604,6.1
557,1,45,1.46947841,95.3
557,2,1,-6.057295484,0.1
557,2,2,-7.636121678,0
557,2,3,2.771834321,98.5
557,2,4,0.304927745,71
557,2,5,-0.537042134,19.6
557,2,6,-11.40203424,0
557,2,7,2.801453674,98.9
557,2,8,6.904667652,100
557,2,9,-0.625747878,16.6
557,2,10,-1.231096418,7.8
557,2,11,-1.605715727,4
557,2,12,0.336417155,74.2
557,2,13,0.474713584,80.2
557,2,14,-0.557133125,18.4
557,2,15,-1.582601178,5.5
557,2,16,2.880931487,98.8
557,2,17,-13.57378784,0
557,2,18,-1.241661986,8.2
557,2,19,-0.266760867,31.5
557,2,20,-7.851748654,0
557,2,21,0.724015664,89.1
557,2,22,-1.066523111,10.2
557,2,23,-0.871702134,13.3
557,2,24,-1.002945324,10
557,2,25,-1.936773851,2.8
557,2,26,-2.301635071,2.5
557,2,27,-0.882626794,14.7
557,2,28,-0.271125595,24.4
557,2,29,-0.584674922,15.2
557,2,30,-2.579473136,2.2
557,2,31,-3.746864415,0.3
557,2,32,0.571338657,83.2
557,2,33,-1.185933513,8.3
557,2,34,0.979942719,91.1
557,2,35,2.2160866,99
557,2,36,-3.991488304,0.3
557,2,37,0.185565283,62.3
557,2,38,0.623533753,85.7
557,2,39,1.676759417,97.2
557,2,40,2.594777707,99
557,2,41,0.56622725,85.5
557,2,42,-0.352391717,23
557,3,1,0.457577279,85.5
557,3,2,-1.45409324,4.8
557,3,3,-1.224161545,7.8
557,3,4,1.759797952,97.7
557,3,5,-6.199313321,0.1
557,3,6,0.247999733,76.6
557,3,7,2.410267169,98.5
557,3,8,1.274854054,95
557,3,9,3.183564606,98.7
557,3,10,1.783903756,97
557,3,11,-0.845359355,7.7
557,3,12,-0.029350827,43
557,3,13,0.067962635,49.9
557,3,14,-0.759530882,8.6
557,3,15,4.016798013,99.3
557,3,16,-7.10785073,0.2
557,3,17,-18.32889338,0
557,3,18,-0.646047081,12.4
557,3,19,1.611391431,97
557,3,20,-4.190543695,0.5
557,3,21,-0.32433043,20.4
557,3,22,-0.650524801,10.6
557,3,23,3.354035576,99.3
557,3,24,0.797002804,93.5
557,3,25,-2.530035933,1.5
557,3,26,-3.547231357,0.7
557,3,27,-1.406354911,2.9
557,3,28,-2.589379213,1.6
557,3,29,0.756475694,87.5
557,3,30,-0.904777181,7.7
557,3,31,1.684332261,97.1
557,3,32,-9.411582037,0
557,3,33,0.89501201,91.8
557,3,34,-1.226963886,4.5
570,1,1,-0.407664101,41.5
570,1,2,0.347831797,74.3
570,1,3,2.95778346,96.5
570,1,4,-0.444679616,20.9
570,1,5,0.529085943,81.4
570,1,6,-0.424025667,26.3
570,1,7,NaN,NaN
570,1,8,-0.193999211,65.8
570,1,9,-0.606927594,17.9
570,1,10,NaN,NaN
570,1,11,-0.00706743,69.7
570,1,12,1.113644359,89.5
570,1,13,-0.194830503,53.6
570,1,14,-0.349126757,26.8
570,1,15,0.529136099,91.1
570,1,16,0.200825924,73.3
570,1,17,1.057412193,92.5
570,1,18,0.030040563,67.8
570,1,19,-0.397358141,44.7
570,1,20,0.023510677,73.2
570,1,21,-0.225269101,45
570,1,22,1.847034319,95.3
570,1,23,-0.153510872,57.1
570,1,24,-0.0547671,60.5
570,1,25,-0.440301289,40.4
570,1,26,-0.792212037,8.3
570,1,27,-0.704667253,21.1
570,1,28,-1.656369534,0.6
570,1,29,3.047524282,99
570,1,30,-0.20145728,52.3
570,1,31,0.072085816,74
570,1,32,0.876889355,88.1
570,1,33,-0.377717337,27.4
570,1,34,0.626240297,82.1
570,1,35,-1.127855154,3.4
570,1,36,1.139654395,89.1
570,1,37,0.693987387,85.8
570,1,38,1.020222617,90
570,1,39,1.038965701,89.7
570,1,40,0.560106013,87.1
570,1,41,1.279131196,93.9
570,1,42,-0.682751853,14.6
570,1,43,-0.694600262,14.9
570,1,44,0.765145273,85.3
570,1,45,-0.966220692,8.6
570,1,46,NaN,NaN
570,1,47,0.276443357,74.1
570,1,48,5.974856937,99.3
570,1,49,-0.052843144,61.3
570,1,50,-0.133490925,50.1
570,1,51,-0.178036457,48.3
570,1,52,1.200057385,88.8
570,1,53,-0.865962598,15.1
570,1,54,0.31129995,79
570,1,55,-1.120783177,9.9
570,1,56,0.018247857,71.8
570,1,57,-0.157144186,52.6
570,1,58,-0.68405277,9.1
570,1,59,-0.149243487,51.7
570,1,60,-0.21307579,53.6
570,1,61,-0.418653365,42.1
570,1,62,0.686226449,85.3
570,1,63,0.031120902,74
570,1,64,0.173465658,74.8
570,1,65,-0.175448019,48.3
570,1,66,-1.069522285,6.4
570,2,1,NaN,NaN
570,2,2,NaN,NaN
570,2,3,NaN,NaN
570,2,4,NaN,NaN
570,2,5,NaN,NaN
570,2,6,NaN,NaN
570,2,7,NaN,NaN
570,2,8,NaN,NaN
570,2,9,NaN,NaN
570,2,10,NaN,NaN
570,2,11,NaN,NaN
570,2,12,NaN,NaN
570,2,13,NaN,NaN
570,2,14,NaN,NaN
570,2,15,NaN,NaN
570,2,16,NaN,NaN
570,2,17,NaN,NaN
570,2,18,NaN,NaN
570,2,19,NaN,NaN
570,2,20,NaN,NaN
570,2,21,NaN,NaN
570,2,22,NaN,NaN
570,2,23,NaN,NaN
570,2,24,NaN,NaN
570,2,25,NaN,NaN
570,2,26,NaN,NaN
570,2,27,NaN,NaN
570,2,28,NaN,NaN
570,2,29,NaN,NaN
570,2,30,NaN,NaN
570,2,31,NaN,NaN
570,2,32,NaN,NaN
570,2,33,NaN,NaN
570,2,34,NaN,NaN
570,2,35,NaN,NaN
570,2,36,NaN,NaN
570,2,37,NaN,NaN
570,2,38,NaN,NaN
570,2,39,NaN,NaN
570,2,40,NaN,NaN
570,2,41,NaN,NaN
570,2,42,NaN,NaN
570,2,43,NaN,NaN
570,2,44,NaN,NaN
570,2,45,NaN,NaN
570,2,46,NaN,NaN
570,2,47,NaN,NaN
570,2,48,NaN,NaN
570,2,49,NaN,NaN
570,2,50,NaN,NaN
570,2,51,NaN,NaN
570,2,52,NaN,NaN
570,2,53,NaN,NaN
570,2,54,NaN,NaN
570,2,55,NaN,NaN
570,2,56,NaN,NaN
570,2,57,NaN,NaN
570,2,58,NaN,NaN
570,3,1,2.301679055,96.2
570,3,2,NaN,NaN
570,3,3,0.411166903,79.3
570,3,4,-0.625863392,38.8
570,3,5,-0.484805341,40.6
570,3,6,NaN,NaN
570,3,7,1.193974043,89.3
570,3,8,NaN,NaN
570,3,9,0.340469794,71.1
570,3,10,2.618039623,95.8
570,3,11,0.227532329,80.9
570,3,12,0.947270987,82.9
570,3,13,-0.901126464,11.6
570,3,14,NaN,NaN
570,3,15,-0.390636189,50.6
570,3,16,-0.238166069,62.5
570,3,17,0.775202578,83.5
570,3,18,0.252202696,68.9
570,3,19,1.985010847,94.8
570,3,20,-0.630401591,17.7
570,3,21,0.501968355,83.9
570,3,22,-0.483113243,47.1
570,3,23,0.300289172,68.1
570,3,24,-0.769383098,5.5
570,3,25,-0.638654094,35.6
570,3,26,NaN,NaN
570,3,27,-0.429425751,51.4
570,3,28,NaN,NaN
570,3,29,-0.111464352,65.7
570,3,30,-0.637216732,21.4
570,3,31,2.489194236,97.1
570,3,32,-0.642688011,7.2
570,3,33,0.084001331,75.2
570,3,34,-0.30148547,66.5
570,3,35,NaN,NaN
570,3,36,-0.299043026,48.6
570,3,37,-1.030258481,1.7
570,3,38,4.855692461,99.4
570,3,39,-0.068991297,72.5
570,3,40,0.250361122,69.5
570,3,41,1.5099327,90.5
570,3,42,-0.362193243,44.8
570,3,43,0.623614792,76.8
570,3,44,0.19040628,66.5
570,3,45,-0.079219416,68.4
570,3,46,0.047543071,63.9
573,1,1,-0.359813616,26.6
573,1,2,-0.479332114,22.5
573,1,3,-0.332696427,36.1
573,1,4,-0.88464664,10.8
573,1,5,-0.576435362,22.6
573,2,1,0.691083935,89
573,2,2,-0.04512532,43.1
573,2,3,0.893564911,89.2
573,2,4,-3.605136776,0.8
573,2,5,1.21179249,92.6
573,2,6,0.90327416,88.6
573,2,7,-0.601733147,14.7
573,2,8,0.458026859,82.7
573,2,9,-1.723377672,4
573,2,10,-0.547088472,17.8
573,2,11,1.662691857,95.9
573,2,12,2.844602896,98.9
573,2,13,3.599452496,99.7
573,2,14,-0.266649267,28.2
573,2,15,0.115931291,58.4
573,2,16,-1.756733809,3.8
573,2,17,-0.907236884,11.9
573,2,18,0.638104106,86.9
573,2,19,0.243345053,71.7
573,2,20,2.290763296,97.8
573,3,1,-0.111556401,34.3
573,3,2,-4.63226639,0.3
573,3,3,0.275776431,57.4
573,3,4,-2.211076504,3.4
573,3,5,-0.785228785,14.1
573,3,6,-2.045723054,1.5
573,3,7,-1.224532608,8.3
573,3,8,-0.626148042,24.2
573,3,9,-0.186689661,34.7
573,3,10,-0.223498892,38.7
573,3,11,0.310200553,57.4
573,3,12,1.421133026,95.6
573,3,13,1.416663156,96.9
573,3,14,0.452391037,66.1
573,3,15,-0.573393043,25.3
573,3,16,-2.486228098,1.3
573,3,17,0.519323467,70.6
573,3,18,-0.039196057,40.2
573,3,19,-0.225432048,37.1
573,3,20,0.194355543,54.7
573,3,21,-5.172521268,0.2
573,3,22,-3.274677282,1.2
573,3,23,0.606121228,73
573,3,24,-4.144323285,0.2
573,3,25,-0.342714722,27.1
584,1,1,0.357575927,70.9
584,1,2,0.801692146,85.1
584,1,3,-0.14795177,42.4
584,1,4,2.085541673,97.9
584,1,5,-1.372280122,7.6
584,1,6,-1.287260365,10
584,1,7,-0.753608925,17.3
584,1,8,0.087359383,59.1
584,1,9,0.089989537,55.8
584,1,10,-0.199771825,38
584,1,11,-0.292230541,34.4
584,1,12,0.244072314,63.3
584,1,13,-1.486379729,5.4
584,1,14,-0.946457832,13.2
584,1,15,0.326624556,68.7
584,1,16,0.15894066,57.8
584,2,1,0.060619651,50.7
584,2,2,1.70951086,96
584,2,3,-0.094233867,56.2
584,2,4,1.194923672,98
584,2,5,0.094454287,52.4
584,2,6,0.087952199,50.8
584,2,7,0.993660044,89.9
584,2,8,0.624465044,84.5
584,2,9,-1.350827108,7.6
584,2,10,-1.665759824,4.9
584,2,11,-0.601028594,18.2
584,2,12,0.243153076,63.8
584,2,13,0.604223849,83.1
584,3,1,0.35859487,94.8
584,3,2,-0.274534547,10.8
584,3,3,-0.434286397,5.7
584,3,4,0.019198066,11.7
584,3,5,-0.028594748,1.6
584,3,6,0.005508726,3.5
584,3,7,0.018618987,13.8
584,3,8,-3.587730078,0.5
584,3,9,0.05000411,3.3
584,3,10,-22.85811651,0
584,3,11,0.007012718,4.7
584,3,12,-0.260959767,4.5
584,3,13,0.018777865,6.8
584,3,14,0.044289793,2.2
584,3,15,-0.03974846,0.2
584,3,16,0.038984576,0.2
584,3,17,22.41023301,100
584,3,18,1.992320291,99.1
584,3,19,2.417556278,99.1
584,3,20,29.84362994,100
584,3,21,6.490846929,99.7
584,3,22,-12.10219833,0
584,3,23,0.460710291,94.7
584,3,24,0.025238005,11.7
584,3,25,0.095520045,92.6
584,3,26,-4.937231356,0.2
584,3,27,-0.053630621,11.1
584,3,28,0.367586342,94.7
584,3,29,0.929222992,94.7
584,3,30,-3.975549423,0.8
584,3,31,-3.737311161,1
584,3,32,-0.171092635,9
585,1,1,-0.080124734,52.8
585,1,2,0.088193554,53.8
585,1,3,-0.215525669,34.8
585,1,4,1.058331124,86.7
585,1,5,-0.324051385,26.9
585,1,6,-0.138999574,42.3
585,1,7,-0.681953122,9.1
585,1,8,0.085587297,53.9
585,1,9,-0.027893316,51.2
585,1,10,-0.189250839,43.9
585,1,11,0.24827904,74.3
585,1,12,-0.507667984,28.6
585,1,13,NaN,NaN
585,1,14,0.192565641,63.1
585,1,15,0.707774983,80.8
585,1,16,NaN,NaN
585,1,17,-0.050437498,55.4
585,1,18,-0.689551368,11.2
585,1,19,-0.228765312,39.3
585,1,20,-0.375649405,34.9
585,1,21,0.121163619,59.9
585,1,22,-0.311241628,37.3
585,1,23,0.047582586,64
585,1,24,-0.333334838,24.1
585,1,25,-0.506479004,29.1
585,1,26,0.545443157,79.2
585,1,27,0.561425809,74.3
585,1,28,-0.583648734,21.3
585,1,29,-1.292349525,7.1
585,1,30,0.905206787,84.7
585,1,31,NaN,NaN
585,1,32,-0.117236161,46.3
585,1,33,0.632480122,77
585,1,34,-0.341776496,31.9
585,1,35,-0.646277352,26
585,1,36,-1.701251428,4.3
585,1,37,0.486129067,69.7
585,1,38,0.196412311,60.9
585,1,39,0.681506641,78
585,1,40,-1.518519135,5
585,1,41,-0.421460684,27
585,1,42,2.038265202,96.7
585,1,43,-0.300748595,34.1
585,1,44,0.125362138,61.6
585,1,45,0.535264457,73.7
585,2,1,NaN,NaN
585,2,2,-0.208574249,52.9
585,2,3,NaN,NaN
585,2,4,NaN,NaN
585,2,5,NaN,NaN
585,2,6,NaN,NaN
585,2,7,-0.019388263,60.8
585,2,8,-1.151019156,9.2
585,2,9,NaN,NaN
585,2,10,-1.309324863,3.8
585,2,11,3.268561168,98.4
585,2,12,-0.102194761,58.8
585,2,13,-0.566377287,24.1
585,2,14,0.157193472,63.2
585,2,15,-0.019144335,64.8
585,2,16,-0.271629616,35.5
585,2,17,0.049052507,70.3
585,2,18,-0.257150143,38.8
585,2,19,2.117662563,94.8
585,2,20,-0.932459316,5.5
585,2,21,NaN,NaN
585,2,22,-0.646369858,19
585,2,23,NaN,NaN
585,2,24,0.027756522,69.7
585,2,25,-0.163604286,47.1
585,2,26,-0.840004686,15.4
585,2,27,NaN,NaN
585,2,28,-0.116393881,53.9
585,2,29,0.303502496,65.6
585,2,30,-0.639875943,19.9
585,2,31,-1.483136247,3.3
585,2,32,-0.386839917,28.1
585,2,33,1.399664369,90.6
585,2,34,0.171470018,59.2
585,2,35,NaN,NaN
585,2,36,NaN,NaN
585,2,37,-2.199973577,0.6
585,2,38,-0.383733157,32.2
585,2,39,0.693526808,82.1
585,2,40,NaN,NaN
585,2,41,NaN,NaN
585,2,42,NaN,NaN
585,2,43,0.235722894,64.3
585,2,44,NaN,NaN
585,2,45,-1.37540023,6.2
585,2,46,-0.486357385,27.8
585,2,47,NaN,NaN
585,2,48,-0.603103786,17
585,2,49,NaN,NaN
585,2,50,-0.081108716,46.4
585,2,51,0.848201017,83.9
585,2,52,-0.141613941,46.1
585,2,53,-0.176973163,42.6
585,2,54,-1.041662884,4.2
585,2,55,-1.745914024,1.8
585,2,56,-0.671489833,20.5
585,2,57,1.273468372,90
585,2,58,NaN,NaN
585,2,59,-0.03398618,65.8
585,2,60,NaN,NaN
585,2,61,2.698980719,99.2
585,2,62,-0.355384247,35.9
585,2,63,NaN,NaN
585,2,64,NaN,NaN
585,2,65,1.905158327,98
585,2,66,0.181402682,71.3
585,2,67,NaN,NaN
585,2,68,0.491748722,74.4
585,2,69,-0.749107756,13.8
585,3,1,2.006142864,98.1
585,3,2,2.514451129,98.2
585,3,3,3.650441358,99.2
585,3,4,0.283371351,81.6
585,3,5,2.383418364,98.2
585,3,6,1.361972339,95
585,3,7,-5.123525041,0.1
585,3,8,-0.210737296,19.2
585,3,9,-1.817374998,3.7
585,3,10,-1.644929973,4.6
585,3,11,-0.069154976,29.4
585,3,12,1.311505967,95.4
585,3,13,2.388864379,97.8
585,3,14,-3.963043017,0.8
585,3,15,-1.58540078,5.6
585,3,16,1.331835262,94.4
585,3,17,0.035432297,78.8
585,3,18,6.798545168,100
585,3,19,0.264986811,82.1
585,3,20,-0.290432235,17.9
585,3,21,1.472407298,95.3
585,3,22,-2.221894078,2.2
585,3,23,-1.100886848,8.7
585,3,24,-0.482413704,12.3
585,3,25,0.06053864,78.9
585,3,26,-0.02620229,34.1
585,3,27,-0.007541472,37
585,3,28,-2.120081621,2.2
585,3,29,0.018771744,44.5
585,3,30,0.048816889,26.7
585,3,31,0.671826374,90.8
585,3,32,-1.890410498,3.3
585,3,33,0.087191829,37.6
585,3,34,0.066802224,38.4
585,3,35,-0.855383174,9.3
585,3,36,-0.676251109,10.4
585,3,37,-2.381560124,2.7
585,3,38,0.076424104,40.9
585,3,39,0.049867965,23.1
585,3,40,-2.673136201,2.9
585,3,41,0.979561624,92.1
585,3,42,0.010960981,25
585,3,43,0.033675632,31.2
585,3,44,1.859307706,98
585,3,45,-1.724306375,4.1
585,3,46,0.822320025,93.6
585,3,47,0.055319967,39
585,3,48,-7.796020054,0
585,3,49,0.028141667,32.3
585,3,50,-0.192822527,18
585,3,51,-1.090569544,6.3
585,3,52,-0.198045172,17.5
585,3,53,-2.000878659,2.9
585,3,54,0.082692567,33.3
585,3,55,0.009700452,38
585,3,56,-2.491831864,2.5
585,3,57,-4.890008967,0.3
585,3,58,-0.062860417,17.9
585,3,59,2.497814195,98.5
585,3,60,0.051591178,47.5
585,3,61,-1.234157243,6.6
585,3,62,0.52811802,90.8
585,3,63,3.009311261,98
585,3,64,3.101009813,99.6
585,3,65,0.031166396,34.6
585,3,66,0.151993449,75.6
585,3,67,0.016079134,60.6
585,3,68,0.085131695,42.6
585,3,69,0.096597525,38.9
585,3,70,0.04990402,45.1
585,3,71,0.025665195,29.3
585,3,72,0.090509584,63.5
585,3,73,-0.161261974,21.5
585,3,74,0.098101968,61.2
585,3,75,-0.094426825,23.2
585,3,76,1.234995972,97
585,3,77,0.120736173,39
585,3,78,0.616071525,92.5
585,3,79,-1.215816217,4.7
585,3,80,-3.235682795,1.3
585,3,81,0.038763944,41.2
585,3,82,-5.061935016,0.6
585,3,83,0.559012442,91.9
585,3,84,-0.63556342,9.6
585,3,85,0.003645374,41.4
585,3,86,0.197284522,80.8
585,3,87,0.006751464,29.5
585,3,88,-1.174650913,4.1
585,3,89,0.06932867,59
585,3,90,-0.60234919,8.9
585,3,91,-0.578332158,11.8
585,3,92,-0.270489684,16.5
585,3,93,0.112426119,45.7
585,3,94,-1.679299914,5.1
585,3,95,-8.413267772,0.1
585,3,96,-3.578150974,0.8
586,1,1,1.508407809,93.1
586,1,2,-0.091253889,48.5
586,1,3,-0.358448215,31.4
586,1,4,-1.49478739,5.4
586,1,5,0.089775051,57
586,1,6,-0.055940129,48.1
586,1,7,-0.630865947,20.1
586,1,8,0.197207506,64.9
586,1,9,-0.100042045,45.2
586,1,10,0.908512319,84.9
586,1,11,1.699128718,94.3
586,1,12,2.112779695,97
586,1,13,2.273444217,97.6
586,1,14,-0.152675601,45.6
586,1,15,1.019564442,87
586,1,16,0.619330134,78.2
586,1,17,-0.083349673,46.2
586,1,18,0.849533446,84.3
586,1,19,3.811477482,99.6
586,1,20,-0.857177177,15.6
586,1,21,1.127195991,88.8
586,1,22,-1.464031185,6
586,1,23,-0.680980566,18.5
586,1,24,-0.044971366,52.2
586,1,25,-2.285946523,1.9
586,2,1,-1.047811028,3.2
586,2,2,-0.052584579,59.4
586,2,3,1.197867455,90.4
586,2,4,1.512404889,95.2
586,2,5,NaN,NaN
586,2,6,-0.303167192,35.8
586,2,7,0.301523071,74.1
586,2,8,-0.369119554,30.9
586,2,9,-2.252472908,1.2
586,2,10,1.732883778,95
586,2,11,-1.770695962,1
586,2,12,-0.030384684,54.4
586,2,13,31.33140281,100
586,2,14,-3.350404203,0.2
586,2,15,-0.658725285,21.4
586,2,16,12.4837185,99.8
586,2,17,12.04259485,100
586,2,18,100.4053764,100
586,2,19,8.413198464,99.9
586,2,20,4.189377543,99.6
586,2,21,0.670048416,80.2
586,2,22,0.677233923,94.4
586,2,23,4.76884628,99.8
586,2,24,1.279777048,91.1
586,2,25,-0.085210424,72.3
586,2,26,0.781499689,85.3
586,2,27,-0.90049352,12.9
586,2,28,0.592419961,83.9
586,2,29,20.03539254,99.9
586,2,30,-2.307496555,0.2
586,3,1,0.600031467,81.8
586,3,2,-5.329131966,0.2
586,3,3,1.453665155,95.1
586,3,4,-0.014605006,53.2
586,3,5,-0.08589739,41.6
586,3,6,0.34942891,82.4
586,3,7,-7.486763367,0
586,3,8,2.156543985,97.2
586,3,9,0.183693902,61.6
586,3,10,0.860130915,86.4
586,3,11,1.085529413,91.3
586,3,12,0.873058867,86.3
586,3,13,2.345622013,97.7
586,3,14,0.07575773,57.2
586,3,15,3.675383645,99.6
586,3,16,-1.516227839,4.7
586,3,17,-3.030293676,0.8
586,3,18,3.162112877,99.3
586,3,19,0.055261497,51.6
586,3,20,5.422608503,99.8
586,3,21,0.907514562,87.6
586,3,22,-2.656978201,1.5
586,3,23,-0.80971037,13.5
588,1,1,-0.048112206,48.7
588,1,2,-0.273368163,35.4
588,1,3,NaN,NaN
588,1,4,-0.176241294,41.3
588,1,5,0.21228619,63.5
588,1,6,-0.282411307,34.8
588,1,7,-0.317889915,34.3
588,1,8,-0.086833834,46.9
588,1,9,0.785297893,95.6
588,1,10,-0.211705178,38.9
588,1,11,0.131728955,58.1
588,1,12,-1.151382144,9.6
588,1,13,-0.510102367,16.4
588,1,14,0.887191095,88.9
588,1,15,NaN,NaN
588,1,16,-0.071888056,54.5
588,1,17,0.388516375,71.1
588,1,18,-1.495605062,1.1
588,1,19,0.893122909,83.8
588,1,20,-0.54537439,26.1
588,1,21,0.736737945,79.8
588,1,22,-1.35981968,7.1
588,1,23,1.922440244,96.6
588,1,24,0.726947485,78.6
588,1,25,1.602899405,93.9
588,1,26,1.609615435,94
588,1,27,-0.338390923,23.6
588,1,28,-0.32401567,35.1
588,1,29,-0.231750427,39.9
588,1,30,0.166018243,62.9
588,1,31,0.067534737,54.5
588,1,32,0.186468837,64.8
588,1,33,-0.581022737,21.9
588,1,34,-0.03148031,63.2
588,1,35,NaN,NaN
588,1,36,1.106879918,88.1
588,2,1,3.162071896,98.3
588,2,2,-0.286817382,42.9
588,2,3,NaN,NaN
588,2,4,-1.420293161,1.2
588,2,5,2.947767148,96.4
588,2,6,0.915303448,87.4
588,2,7,0.042843886,60.7
588,2,8,3.9264848,98.2
588,2,9,-0.328698294,36.8
588,2,10,-0.691959592,20.6
588,2,11,0.612140736,79.2
588,2,12,-0.808073856,5.4
588,2,13,0.138810714,76.6
588,2,14,NaN,NaN
588,2,15,-0.247805111,37.5
588,2,16,-0.045840809,54.2
588,2,17,5.065956281,99.9
588,2,18,-0.281011746,37.2
588,2,19,-0.473164966,26.7
588,2,20,0.623352185,78.8
588,2,21,-0.171578209,45.9
588,2,22,-1.235375458,8.3
588,2,23,-0.734244188,12.6
588,2,24,-1.307476584,6.8
588,2,25,-0.612750595,23.3
588,2,26,1.361526056,93.1
588,2,27,0.994900811,93.6
588,2,28,-0.248764414,43.5
588,2,29,-0.967789373,13.1
588,2,30,-0.30981369,35.6
588,2,31,-2.235394224,1.4
588,2,32,0.062230195,64.6
588,2,33,-1.345845955,6.6
588,2,34,NaN,NaN
588,2,35,-0.27940296,35.9
588,2,36,0.453676624,77.7
588,2,37,1.268454561,90.5
588,2,38,0.233726468,81.3
588,2,39,1.153544567,91.8
588,2,40,-1.626803807,3.1
588,2,41,-0.91531096,10.8
588,2,42,-0.435410465,29.3
588,2,43,-0.109599426,43.3
588,2,44,-1.291195363,5.1
588,2,45,-0.081676553,47.9
588,2,46,-0.388306885,30.1
588,2,47,0.374083021,75.2
588,2,48,-0.11349719,49.8
588,2,49,0.50758719,78.9
588,3,1,-0.703391748,17.9
588,3,2,NaN,NaN
588,3,3,-0.549179195,24.7
588,3,4,-1.574952108,1.2
588,3,5,-0.168181158,47.7
588,3,6,0.024202483,62.6
588,3,7,-0.940703511,13.4
588,3,8,0.012102686,58
588,3,9,-0.842139415,16
588,3,10,-0.658005915,23.8
588,3,11,-0.278122275,35.9
588,3,12,0.011702492,65
588,3,13,0.294969066,68.5
588,3,14,-0.815524689,8.9
588,3,15,1.157322467,89.1
588,3,16,0.187119497,63.6
588,3,17,-0.31713224,35.6
588,3,18,0.750042125,84.2
588,3,19,0.183033737,67
588,3,20,0.899349536,85.6
588,3,21,0.23314357,65.2
588,3,22,-1.231489417,8.4
588,3,23,-0.713020104,14.8
588,3,24,-0.204462205,42.9
588,3,25,-0.309231519,40.2
588,3,26,-0.778669203,19.7
588,3,27,-0.6132942,23.9
588,3,28,-3.218133781,0.2
588,3,29,-0.022734702,50.6
588,3,30,-0.275966536,39.5
588,3,31,-0.322956845,36.2
588,3,32,-0.433390504,32.1
588,3,33,-0.835533561,16.8
588,3,34,-0.536515246,18.4
588,3,35,-1.355040296,6.1
588,3,36,0.194853248,62.2
588,3,37,0.512774302,74.2
588,3,38,0.842249081,84.3
588,3,39,-0.457122177,25.7
588,3,40,-0.628571359,20.3
588,3,41,0.632826479,79
588,3,42,0.399579243,70.5
588,3,43,0.17165883,72
588,3,44,-0.177203861,47.3
588,3,45,1.203678359,90
588,3,46,-1.017662994,10.4
588,3,47,0.041963351,54.6
588,3,48,0.312790273,67.6
588,3,49,0.206239311,60.4
588,3,50,1.144449939,89.1
588,3,51,-2.152495122,1.1
588,3,52,1.914547548,96.7
588,3,53,2.870953305,99.2
588,3,54,0.784948893,82.5
588,3,55,-0.193979264,44.6
588,3,56,0.947235698,85.2
588,3,57,NaN,NaN
588,3,58,0.237396904,66.3
598,1,1,-0.608970448,9.7
598,1,2,-0.165034246,40.5
598,1,3,0.103404221,63.6
598,1,4,-0.255560311,36.1
598,1,5,-0.157700269,45.1
598,1,6,-0.020648835,53.6
598,1,7,-0.305288816,24.8
598,1,8,-0.904128857,2.6
598,1,9,-0.827047682,17.1
598,1,10,-0.217557282,41.6
598,1,11,0.458278259,77.3
598,1,12,-1.463805734,5.9
598,1,13,-0.218370971,40.5
598,1,14,0.276792888,77.9
598,1,15,-0.198267558,38.1
598,1,16,-0.613255899,19.1
598,1,17,-0.587597579,24
598,1,18,0.476303307,76.3
598,1,19,-0.327272076,32.4
598,1,20,0.069834589,55.9
598,1,21,-0.360451124,33
598,1,22,-4.342768102,0.1
598,1,23,-1.075639324,7.2
598,1,24,-1.954161349,2.7
598,1,25,-0.04882038,53.8
598,1,26,-1.657759671,2.4
598,1,27,-0.407972558,30.8
598,1,28,-0.502770381,25.3
598,1,29,-1.026482994,7.6
598,1,30,-0.373358918,29.9
598,1,31,0.098356072,61.8
598,1,32,-0.520625881,24.9
598,1,33,0.527807377,78.4
598,1,34,-0.55105873,9.8
598,1,35,0.287216346,72.9
598,1,36,0.44748087,84.9
598,1,37,0.493749506,84.4
598,1,38,-0.692716338,9.4
598,1,39,0.037572582,70.6
598,1,40,-0.447569353,27
598,1,41,0.180908351,63.7
598,1,42,-0.188595628,41
598,1,43,0.042855788,76.3
598,1,44,1.17628305,96
598,1,45,-0.220362538,38.1
598,1,46,-0.978778551,4.6
598,1,47,0.254144011,75.5
598,2,1,-4.619670273,0.2
598,2,2,1.535221827,94.6
598,2,3,-0.083282695,42.2
598,2,4,-0.29597031,28.5
598,2,5,7.415738384,100
598,2,6,-1.515178632,4.9
598,2,7,-1.349378305,7.1
598,2,8,-0.878341832,13
598,2,9,1.013083649,89.4
598,2,10,-0.394658384,25.5
598,2,11,-2.149800191,2.6
598,2,12,2.067729614,97.5
598,2,13,-0.110997154,33.2
598,2,14,-0.729414692,15.5
598,2,15,-1.43405668,8
598,2,16,-0.892169438,13
598,2,17,-0.829534256,16.5
598,2,18,4.81599354,100
598,2,19,-4.646002152,0.2
598,2,20,-1.347526185,7.3
598,2,21,-0.130199016,38.7
598,2,22,-0.407916778,25.1
598,2,23,1.867626338,97.7
598,2,24,0.274544242,66.9
598,2,25,-1.366494208,8.8
598,2,26,2.171094094,98.2
598,2,27,-1.125777426,10.8
598,2,28,-0.738837244,18.4
598,2,29,-0.115466728,36.8
598,2,30,-0.02940699,43.5
598,2,31,-0.29133821,28.4
598,2,32,-1.314728952,9.2
598,2,33,2.371353928,98.3
598,2,34,0.459468697,74.4
598,2,35,0.337477999,69.6
598,2,36,-0.029160345,44.8
598,2,37,1.309079271,93.6
598,2,38,-1.441318373,6.6
598,2,39,-0.307851278,27.6
598,2,40,0.196009586,58.3
598,2,41,0.018679979,47.3
598,2,42,0.216700182,60
598,2,43,0.683212678,83.1
598,2,44,-0.806627913,14.1
598,2,45,-2.873848516,1
598,3,1,-0.333140011,48.8
598,3,2,0.852249296,83.7
598,3,3,-0.854034801,13.9
598,3,4,-0.512394167,7.1
598,3,5,-0.077104195,84.7
598,3,6,1.394295398,98.1
598,3,7,-0.073488052,64.5
598,3,8,-0.128588707,44.2
598,3,9,-0.86582964,17.8
598,3,10,-0.265254172,20.8
598,3,11,-0.182151684,31.4
598,3,12,-0.211258494,30.1
598,3,13,-1.330899474,9.2
598,3,14,-0.189505462,42.9
598,3,15,-0.941017807,16.5
598,3,16,-1.959577606,1.1
598,3,17,0.48418565,72.2
598,3,18,0.216517602,68.6
598,3,19,0.128095596,59.6
598,3,20,-0.398824475,35.2
598,3,21,-0.477310522,28.9
598,3,22,-2.589467673,1
598,3,23,0.484197062,68.9
598,3,24,-0.514995762,27.5
598,3,25,-0.21051362,35.7
598,3,26,-0.064194438,56.7
598,3,27,1.206737877,91.4
598,3,28,0.40305431,79.9
598,3,29,-0.207386612,27.8
598,3,30,0.265833018,79.9
598,3,31,-1.310612218,8.2
598,3,32,-1.38152295,2.3
598,3,33,-0.081400544,57.9
598,3,34,-0.062143338,55.5
598,3,35,-0.339825377,40
598,3,36,0.415920607,75.6
598,3,37,-0.864065967,16.4
598,3,38,-0.429192096,27
598,3,39,-0.197504395,63.9
598,3,40,-0.290946913,34.9
599,1,1,NaN,NaN
599,1,2,NaN,NaN
599,1,3,-0.470395549,18.8
599,1,4,-0.071061872,51.1
599,1,5,-0.58461999,19.8
599,1,6,-0.435910393,22.6
599,1,7,1.750737282,96.3
599,1,8,-0.834732871,3.5
599,1,9,-0.232861855,63.8
599,1,10,2.009251394,98
599,1,11,-0.540708035,22.9
599,1,12,-0.345618029,34.6
599,1,13,0.518340703,75.3
599,1,14,-0.568462133,13.2
599,1,15,-0.506472208,15.4
599,1,16,1.259628457,93.1
599,1,17,5.640774816,99.3
599,1,18,-0.426182602,23.5
599,1,19,0.080700566,54.9
599,1,20,-1.44052562,3.7
599,1,21,0.528161903,80.5
599,1,22,1.416093794,93.6
599,1,23,-0.149291226,45.6
599,1,24,-0.330178031,32.3
599,1,25,1.738309759,94.3
599,1,26,-0.362086151,29.8
599,1,27,NaN,NaN
599,1,28,0.411116902,75.6
599,1,29,0.529721854,75.9
599,1,30,-0.143846855,51.2
599,1,31,-1.134048525,10.1
599,1,32,0.485778239,83.5
599,1,33,0.236167713,64.5
599,1,34,-0.510063146,24
599,1,35,2.302057504,97.7
599,1,36,-0.914571163,7.8
599,1,37,-0.199699971,50.5
599,2,1,0.032439803,49.8
599,2,2,-0.313378612,33.2
599,2,3,1.8650681,97.4
599,2,4,0.416788995,70.5
599,2,5,2.254543034,98.4
599,2,6,-0.958342873,13.3
599,2,7,-1.436309049,7.7
599,2,8,0.917743486,86.2
599,2,9,-0.556097161,27
599,2,10,-0.139329215,42.9
599,2,11,2.042837527,98.6
599,2,12,0.149494509,52.7
599,2,13,-1.123485488,12.5
599,2,14,0.237765206,57.5
599,2,15,-0.587720995,24.3
599,2,16,0.882621266,85
599,2,17,-0.014917695,43.9
599,2,18,0.598255561,76.3
599,2,19,0.507399531,74.4
599,2,20,0.256663938,65.9
599,2,21,0.722121975,78.4
599,2,22,-0.76775827,21.4
599,2,23,0.204627647,56.4
599,2,24,0.50348052,72.8
599,2,25,2.094243484,97.5
599,2,26,0.352289322,63.7
599,2,27,-0.003883831,47.6
599,2,28,0.04307632,47.5
599,2,29,-0.54933794,24.9
599,2,30,-1.394991228,10.2
599,2,31,0.467740051,71.6
599,2,32,-1.210118296,10.3
599,2,33,3.375758752,100
599,2,34,-0.404906681,28.4
599,2,35,-1.079929685,10.3
599,2,36,-1.415311338,6.7
599,2,37,0.134357945,53.2
599,2,38,0.332152871,63.6
599,3,1,-3.248748297,2.4
599,3,2,-0.582760904,17.4
599,3,3,-3.570646228,1.5
599,3,4,0.039903906,37.4
599,3,5,0.237938033,46.1
599,3,6,-0.509431001,16.4
599,3,7,-0.739107303,11.9
599,3,8,-6.846964238,0.2
599,3,9,-0.392323842,20.8
599,3,10,0.154939364,39.6
599,3,11,0.428281047,50.3
599,3,12,0.489752035,50.8
599,3,13,0.771843884,93.6
599,3,14,0.396041811,47.4
599,3,15,0.47371842,85.2
599,3,16,-3.271262102,1.5
599,3,17,-3.857026906,1.6
599,3,18,-0.679469194,11.2
599,3,19,-5.254667048,0.7
599,3,20,0.470456938,51.4
599,3,21,-0.648339045,14.7
599,3,22,0.582169106,87.4
599,3,23,0.413107775,48.2
599,3,24,-0.360334487,20.8
599,3,25,0.323802889,46.3
599,3,26,0.393976383,50.1
599,3,27,-2.342076997,2.9
599,3,28,0.090368765,36.4
599,3,29,0.419454678,80
